http://www.semanticweb.org/eNOVATION-ontology#addressesThreat	-0.09846143424510956	-0.050803571939468384	0.01611524634063244	-0.011619138531386852	-0.11520850658416748	0.15350139141082764	0.13352468609809875	-0.10135257244110107	0.0024783851113170385	-0.0602748803794384	0.18974030017852783	0.1653079092502594	0.03615549951791763	-0.1812789887189865	0.07203303277492523	-0.029029734432697296	-0.034192100167274475	0.007303071208298206	-0.11913975328207016	-0.08796417713165283	-0.05537119507789612	0.01992434449493885	0.032725196331739426	0.06480233371257782	-0.0999772697687149	-0.036394085735082626	0.06235145404934883	0.11934193968772888	0.159785196185112	0.075220987200737	-0.07207438349723816	0.04062514379620552	0.15566468238830566	-0.09935864806175232	0.020614368841052055	0.021470654755830765	0.12713424861431122	-0.15454992651939392	-0.08726264536380768	-0.08257561177015305	-0.1848708540201187	-0.09463554620742798	-0.2685135304927826	0.011259561404585838	-0.16583827137947083	0.10036752372980118	0.1482686698436737	0.1422201693058014	-0.01673177070915699	0.1538708359003067	-0.03998931124806404	0.08824791759252548	0.028290312737226486	0.050294049084186554	0.09188688546419144	0.11832462251186371	0.04743076488375664	0.039660073816776276	-0.132773295044899	0.11977647989988327	0.10173148661851883	-0.08493521064519882	0.18428240716457367	0.06874755024909973	-0.134539395570755	-0.0024234228767454624	-0.09284122288227081	-0.1701490432024002	-0.18185169994831085	0.048064470291137695	-0.06122865155339241	0.08811483532190323	-0.16357412934303284	-0.007227512076497078	0.2067636251449585	0.013166931457817554	-0.0678744837641716	-0.05438913404941559	0.07425712794065475	-0.0701984241604805	0.07319627702236176	0.08079463243484497	-0.05746040493249893	0.1699262112379074	0.12082958966493607	0.13713814318180084	0.004444562830030918	0.008227650076150894	0.1221199780702591	0.08443140983581543	-0.09020011872053146	0.20514626801013947	0.02795213647186756	0.000738373666536063	0.044051334261894226	0.14394012093544006	-0.0685744360089302	-0.20717278122901917	-0.08806237578392029	0.02344018593430519
http://www.semanticweb.org/eNOVATION-ontology#compliesWithStandard	0.09494494646787643	0.1369301974773407	0.05315801501274109	0.03930952399969101	-0.0034969975240528584	-0.2068098932504654	-0.06880433112382889	-0.14571990072727203	0.15194183588027954	0.10909928381443024	-0.024051379412412643	-0.03351374343037605	0.12778806686401367	-0.0985502153635025	0.06377077102661133	-0.1366540640592575	0.014411313459277153	0.031987838447093964	-0.09491613507270813	0.1895286738872528	-0.1753418743610382	-0.11925030499696732	-0.17281311750411987	-0.02597605623304844	-0.11644766479730606	0.178534135222435	0.036126233637332916	-0.06296579539775848	-0.06110040098428726	0.11396069079637527	-0.17959538102149963	-0.0405719168484211	-0.077748142182827	-0.021762274205684662	-0.24987703561782837	-0.11672940105199814	-0.08742643892765045	0.20797523856163025	0.13403695821762085	0.10276061296463013	0.09131256490945816	0.06699128448963165	0.15479235351085663	-0.033657047897577286	0.12144123762845993	0.04047895967960358	0.07434570789337158	0.08311199396848679	-0.14114968478679657	0.03629136085510254	-0.05342568829655647	0.023316727951169014	-0.11730189621448517	0.09788447618484497	-0.2081013321876526	-0.2284902036190033	-0.1659342497587204	0.03160305693745613	-0.12788766622543335	0.18174085021018982	-0.18791139125823975	0.12788233160972595	-0.08087591826915741	-0.018556054681539536	0.07903999090194702	0.11843734234571457	0.1823323369026184	-0.0785772055387497	0.025857891887426376	0.09398679435253143	0.18148745596408844	-0.007539383601397276	0.05213877558708191	0.06301452964544296	0.02051693946123123	0.01735599711537361	-0.024645445868372917	-0.022702788934111595	0.15229561924934387	-0.07866807281970978	-0.1424621343612671	-0.09709329903125763	0.029569413512945175	-0.12748292088508606	0.173410564661026	-0.010797936469316483	0.24047626554965973	-0.1133817508816719	-0.08308101445436478	0.09613671898841858	0.1284814178943634	-0.08515073359012604	0.05752067267894745	0.1175631731748581	0.04351283237338066	-0.06868849694728851	0.007083835545927286	-0.14186696708202362	-0.029531585052609444	0.1559433490037918
http://www.semanticweb.org/eNOVATION-ontology#connectsWithNetwork	-0.03279696777462959	-0.14257647097110748	0.24724523723125458	-0.09061945229768753	0.09068915992975235	-0.0548650361597538	0.022559262812137604	0.20025143027305603	-0.18351846933364868	0.05117723345756531	0.049753595143556595	0.11616832762956619	0.19990186393260956	-0.09725602716207504	0.1349382847547531	-0.1192527636885643	0.0037445626221597195	0.022402334958314896	0.03649653494358063	0.09126778692007065	-0.10239583998918533	-0.0022119074128568172	-0.11646179854869843	-0.11809045076370239	-0.07092221826314926	0.01326658669859171	0.17537149786949158	0.029055064544081688	0.10926813632249832	-0.04168209061026573	0.14334988594055176	0.11811304837465286	0.10660535097122192	-0.06572519242763519	0.13556845486164093	-0.0291470717638731	0.141874298453331	-0.19514623284339905	-0.1848747581243515	-0.1557244211435318	0.13805124163627625	0.06385236233472824	-0.10162629187107086	-0.06014648452401161	0.00921545084565878	-0.03642526641488075	0.0997178927063942	-0.07686248421669006	0.026947755366563797	0.14723871648311615	0.00564840342849493	-0.03845372051000595	-0.07122965157032013	-0.03978569805622101	-0.12964627146720886	0.162881538271904	-0.10496786236763	-0.000988465384580195	-0.10311674326658249	-0.07369986176490784	-0.07714545726776123	0.22506092488765717	0.013419629074633121	0.10907983034849167	-0.17789819836616516	-0.1634778082370758	0.13586147129535675	0.17969582974910736	-0.06605052202939987	-0.09344612061977386	0.15165230631828308	0.11623504757881165	-0.05168385058641434	0.14284206926822662	-0.08277451992034912	0.2311251014471054	-0.2000417858362198	0.008288136683404446	-0.17674396932125092	0.043009497225284576	-0.005672635044902563	-0.13812319934368134	0.10881639271974564	-0.11603914201259613	-0.09788219630718231	-0.027270831167697906	0.18603020906448364	0.23061543703079224	-0.12135850638151169	-0.07272932678461075	0.11088013648986816	-0.08560828864574432	-0.06427092105150223	0.013276991434395313	0.01673107221722603	-0.14813430607318878	0.08644593507051468	0.120895616710186	0.0408017672598362	-0.04322614520788193
http://www.semanticweb.org/eNOVATION-ontology#employsDecomMethod	0.0782155692577362	-0.1610868275165558	-0.07974577695131302	0.1792198270559311	-0.12081298977136612	-0.0810629352927208	-0.07404410094022751	0.149034783244133	0.13583005964756012	0.02536282129585743	0.0923614352941513	-0.1265827864408493	0.08571816235780716	0.07616794854402542	-0.1220623105764389	0.10617724061012268	0.14005012810230255	-0.14415423572063446	0.034406352788209915	-0.05116545781493187	-0.11251090466976166	0.1068323478102684	-0.25513386726379395	-0.10838218033313751	0.027048535645008087	-0.01100238598883152	0.06032741069793701	-0.08836013078689575	0.2081972062587738	-0.040339864790439606	0.12058483064174652	-0.14894334971904755	-0.08808966726064682	0.21533679962158203	0.08957317471504211	0.07076402753591537	-0.02327728271484375	-0.03715866431593895	-0.16441799700260162	-0.171830415725708	0.00925177987664938	0.1299401968717575	0.08706384897232056	0.19024544954299927	-0.024616653099656105	0.061337895691394806	0.23942238092422485	-0.04763257876038551	0.039620812982320786	-0.11530569195747375	-0.13459663093090057	-0.0783563181757927	-0.155027836561203	0.09330994635820389	0.20372627675533295	-0.09121102094650269	0.05464532971382141	0.05929868295788765	0.07077709585428238	0.03801299259066582	-0.11035019904375076	0.11830132454633713	-0.07610590755939484	0.0784079059958458	0.11049673706293106	0.13840389251708984	0.11007576435804367	-0.06336382031440735	-0.08260618895292282	0.06662140041589737	-0.22441212832927704	-0.07436557859182358	-0.03815866634249687	0.18660834431648254	0.03382675722241402	-0.08225785940885544	-0.11615237593650818	-0.03513120114803314	0.15110747516155243	0.1277567595243454	0.20417635142803192	0.12483131885528564	-0.04642269015312195	0.09478957206010818	0.09064596146345139	-0.13337896764278412	0.003331504762172699	0.1624114066362381	-0.006777184084057808	0.05088146775960922	-0.12596194446086884	0.12329891324043274	-0.1434755176305771	0.06400236487388611	0.0516667440533638	-0.030376140028238297	0.06722379475831985	-0.05695416033267975	0.07610297948122025	0.1829966902732849
http://www.semanticweb.org/eNOVATION-ontology#engagesWithStakeholders	0.0268185343593359	0.09093941748142242	0.1792280226945877	-0.02315737120807171	0.06481080502271652	-0.07700031250715256	0.02005317062139511	0.08439335227012634	-0.14494550228118896	-0.1875915825366974	-0.016751591116189957	0.24424071609973907	-0.11199972033500671	-0.027140028774738312	0.25727206468582153	0.0011076346272602677	0.1274000108242035	-0.019055256620049477	-0.003251338144764304	0.09652796387672424	-0.12792889773845673	0.037689320743083954	-0.01764690689742565	0.016691213473677635	-0.06404409557580948	-0.17401547729969025	0.07061272859573364	0.03289709985256195	0.057867903262376785	-0.05737010017037392	0.15181027352809906	-0.008066114969551563	0.1600954532623291	0.037661775946617126	-0.05821404233574867	-0.09230045229196548	-0.10214851796627045	0.0662187710404396	-0.020947763696312904	-0.20903949439525604	0.03159680590033531	0.10701809823513031	-0.17306125164031982	0.15042813122272491	0.09851786494255066	0.05993402749300003	-0.1825600266456604	0.008664586581289768	-0.09922274947166443	-0.07011548429727554	-0.1611826866865158	0.20578964054584503	-0.0053269630298018456	0.024648217484354973	-0.10290360450744629	-0.08556362986564636	0.0813646912574768	-0.10970204323530197	0.20768943428993225	0.026376722380518913	-0.15897920727729797	0.04364928603172302	-0.025764567777514458	0.13926833868026733	0.03178567439317703	-0.09207479655742645	0.01839788444340229	-0.012228020466864109	-0.031023573130369186	-0.04659860581159592	0.044314898550510406	0.0958077684044838	-0.0019771356601268053	0.008480624295771122	0.27404654026031494	-0.021122796460986137	0.08402711898088455	-0.05734255164861679	-0.09334827214479446	-0.11696738004684448	-0.1320556402206421	-0.1149531751871109	0.1855650246143341	-0.010102654807269573	-0.05272633582353592	0.0629376545548439	0.12218452244997025	-0.012395726516842842	-0.06427252292633057	0.09405360370874405	0.10518812388181686	-0.031990066170692444	-0.1805466264486313	0.2079954445362091	0.021463409066200256	0.020967882126569748	0.047987259924411774	0.006129767280071974	0.005060706753283739	0.09329841285943985
http://www.semanticweb.org/eNOVATION-ontology#followsSOP	0.26617228984832764	0.1484951674938202	0.13059023022651672	-0.19354954361915588	0.013218103908002377	0.15353797376155853	0.07597789168357849	-0.05210530757904053	0.06166953966021538	-0.1751929670572281	-0.14227788150310516	0.06328140944242477	0.008421131409704685	0.02775411680340767	-0.1426946222782135	0.028834335505962372	-0.049768783152103424	-0.19939839839935303	-0.08201827853918076	-0.12752950191497803	0.02353087067604065	-0.12306005507707596	0.12812922894954681	0.014686771668493748	-0.04334598779678345	0.05078506842255592	0.03080136887729168	-0.007248310837894678	0.1004570946097374	0.10012556612491608	0.1350085586309433	-0.02822205051779747	0.015288268215954304	-0.10135190188884735	0.15841102600097656	0.1678459495306015	-0.0026093313936144114	0.04401418939232826	-0.15083029866218567	0.07491392642259598	0.09687002003192902	-0.22046226263046265	-0.07036472856998444	-0.10516438633203506	0.13582594692707062	0.07195534557104111	-0.022337911650538445	0.033388134092092514	0.1413714438676834	0.12905484437942505	-0.047326039522886276	-0.06316471844911575	0.01085489522665739	0.285119891166687	0.052721165120601654	0.09826387465000153	0.04735173285007477	0.050244271755218506	-0.10229772329330444	0.22602912783622742	0.23416633903980255	-0.021765127778053284	0.1486320197582245	-0.016754180192947388	0.025407789275050163	-0.1643705517053604	-0.06433054059743881	-0.056915972381830215	0.05091674253344536	0.007968869991600513	0.11621207743883133	0.06072616949677467	0.16465874016284943	-0.049900591373443604	0.003087492659687996	-0.23884020745754242	-0.0056150928139686584	0.03256630897521973	-0.233084574341774	0.08046863973140717	0.13716784119606018	-0.01381042692810297	0.041500840336084366	-0.16985799372196198	-0.05701033025979996	0.048974912613630295	0.20064681768417358	-0.030853737145662308	0.019185997545719147	-0.03052564524114132	-0.2578386664390564	0.07495741546154022	-0.0673820897936821	0.09376578032970428	-0.0040756091475486755	0.18239079415798187	0.10278253257274628	0.02249813638627529	-0.06065808981657028	-0.04325446859002113
http://www.semanticweb.org/eNOVATION-ontology#grantsCertificate	0.04154855012893677	0.11413972824811935	-0.07770780473947525	0.01363472081720829	-0.08351212739944458	0.1588013917207718	0.1827249675989151	0.03571036458015442	-0.08405100554227829	-0.2684926390647888	-0.10341032594442368	0.06314916163682938	0.1022656187415123	0.14634931087493896	0.02390015497803688	0.08519066125154495	0.13170212507247925	-0.04646378383040428	0.2291228324174881	-0.014410978183150291	0.11211690306663513	-0.024011416360735893	0.06731313467025757	0.16686271131038666	-0.03331858664751053	-0.1489861011505127	-0.009947606362402439	-0.2007472813129425	0.1380024403333664	0.06619422137737274	0.015318965539336205	-0.10169723629951477	-0.10086772590875626	-0.022042039781808853	-0.13734574615955353	0.08415818214416504	0.18931633234024048	0.03522368147969246	0.10443956404924393	-0.09067755937576294	-0.03937661275267601	-0.1454124003648758	-0.025614015758037567	-0.11341306567192078	-0.04084673151373863	0.06770006567239761	-0.09785296767950058	0.0626722127199173	0.14920610189437866	0.13108207285404205	0.060996152460575104	0.10994113981723785	0.05412130430340767	0.11110163480043411	0.13522079586982727	-0.03404904529452324	0.13597577810287476	-0.20589418709278107	-0.019812699407339096	0.11357391625642776	0.026894543319940567	-0.052639033645391464	0.04826841875910759	-0.04553790017962456	0.06314586848020554	0.1512468159198761	0.013231867924332619	0.09655707329511642	0.21411044895648956	-0.026571324095129967	-0.1151033565402031	0.018752185627818108	0.06157902628183365	-0.11565663665533066	-0.06715904176235199	-0.08463962376117706	0.07871683686971664	-0.024712875485420227	0.13277190923690796	-0.16911345720291138	0.05352291837334633	0.06777074933052063	0.05926978588104248	-0.1200173944234848	-0.08714359998703003	0.11233846098184586	-0.051860615611076355	-0.10098958760499954	0.08462383598089218	0.15211060643196106	-0.129597470164299	-0.11996499449014664	0.03927969932556152	0.08645133674144745	-0.07089237123727798	0.021443726494908333	0.07881565392017365	-0.06680531799793243	-0.007501303218305111	0.198628231883049
http://www.semanticweb.org/eNOVATION-ontology#hasActorType	0.1527339071035385	0.10589400678873062	-0.08280201256275177	0.12065404653549194	0.09768519550561905	0.1544533222913742	-0.06138189882040024	-0.07365221530199051	0.11139006912708282	0.11011543869972229	0.12240099906921387	-0.06424097716808319	0.058067355304956436	-0.10571473091840744	-0.13242457807064056	-0.03348183631896973	0.025037959218025208	0.06209315359592438	-0.15598690509796143	-0.15792684257030487	-0.06348172575235367	-0.07877615094184875	0.20928871631622314	0.17191486060619354	-0.18936952948570251	-0.08608289808034897	0.05871845781803131	0.22389182448387146	0.038461703807115555	0.0018407716415822506	-0.05930715054273605	0.08988026529550552	0.05380509793758392	-0.20363913476467133	0.11965543031692505	-0.13188640773296356	-0.13292986154556274	0.14122657477855682	0.1708831638097763	0.06025514751672745	0.1746608167886734	0.14715424180030823	0.14672520756721497	0.16992144286632538	-0.10457757115364075	-0.14538320899009705	0.05247679725289345	-0.07556857913732529	-0.18019361793994904	0.11109282821416855	-0.18445871770381927	-0.2617397904396057	-0.05136370286345482	-0.18272946774959564	0.08415476977825165	-0.06677082180976868	-0.09410550445318222	0.010153657756745815	-0.10562537610530853	-0.1383536458015442	0.09214828908443451	0.12578241527080536	0.05458608269691467	0.15269684791564941	0.06638884544372559	0.06013181433081627	0.060835253447294235	-0.15634341537952423	-0.07376901060342789	0.06462451070547104	-0.16633538901805878	-0.26988381147384644	0.1705572009086609	-0.1739322394132614	0.05018702521920204	0.07713562250137329	0.16429650783538818	0.09888817369937897	0.06907380372285843	0.1042713075876236	0.03415627405047417	0.15649254620075226	0.1882666051387787	0.13909251987934113	-0.15094822645187378	-0.03704560920596123	0.10991950333118439	-0.03617270290851593	-0.07699087262153625	-0.15760073065757751	0.17442390322685242	0.1310209333896637	0.10682749003171921	-0.13579322397708893	-0.07663392275571823	-0.08974049985408783	0.15729007124900818	-0.13514487445354462	0.10061459243297577	-0.11543747782707214
http://www.semanticweb.org/eNOVATION-ontology#hasAffiliation	0.13910093903541565	0.02268199622631073	-0.04495188221335411	-0.011024143546819687	0.1346028447151184	0.04040221497416496	0.016769716516137123	-0.09381863474845886	0.1440179944038391	0.006985732354223728	0.13015420734882355	-0.10501933842897415	0.1033686101436615	0.05018342658877373	-0.09435979276895523	-0.05224578082561493	-0.15830212831497192	0.02792518585920334	0.16847369074821472	0.11584819853305817	0.029524974524974823	-0.08206655830144882	-0.12805142998695374	-0.18725866079330444	-0.17136354744434357	0.10570289939641953	0.1405038982629776	-0.08165236562490463	0.10690971463918686	0.04280882701277733	-0.10830239951610565	-0.02989787980914116	0.001674898318015039	-0.049793872982263565	-0.14192067086696625	-0.1723640114068985	0.10279826074838638	0.029312001541256905	-0.011785726994276047	-0.03548581525683403	0.11011972278356552	-0.055165741592645645	0.10930467396974564	0.0995246022939682	0.06700431555509567	0.052658408880233765	0.08906370401382446	-0.12229327857494354	0.07295852899551392	-0.09150883555412292	0.13392427563667297	-0.094589963555336	-0.07006530463695526	-0.12705443799495697	-0.1187036782503128	-0.11792037636041641	-0.04036221280694008	-0.13657285273075104	-0.0669354796409607	-0.10540035367012024	-0.13016696274280548	-0.06633942574262619	0.028765909373760223	0.017141669988632202	0.10006404668092728	-0.18336208164691925	0.15956003963947296	-0.10644301027059555	0.10449082404375076	-0.04839859530329704	0.15789532661437988	0.10605021566152573	0.14732025563716888	0.23009070754051208	-0.11649832874536514	-0.06229794770479202	0.12218475341796875	0.10205484181642532	0.07961875200271606	-0.0404568612575531	0.058630071580410004	0.07471302151679993	-0.05978798493742943	-0.10782990604639053	-0.1658353954553604	0.09454330056905746	0.10627001523971558	0.12556970119476318	-0.047365881502628326	-0.062052637338638306	-0.1641887128353119	-0.026724383234977722	-0.09660106897354126	0.14798922836780548	0.14540442824363708	0.02954055927693844	-0.03956012800335884	0.06991992145776749	0.12423229217529297	0.12526850402355194
http://www.semanticweb.org/eNOVATION-ontology#hasCapacity	0.05514143407344818	0.20936377346515656	0.15984416007995605	-0.00026027613785117865	-0.06356234103441238	-0.15297697484493256	0.018545957282185555	0.17681661248207092	0.17991706728935242	-0.019071055576205254	-0.06042953208088875	0.04051634669303894	0.0546078085899353	0.05920463800430298	-0.14202900230884552	0.0005203133332543075	-0.11405246704816818	0.06311855465173721	0.022426562383770943	0.05038575455546379	-0.08427372574806213	-0.06127648055553436	-0.07161539047956467	0.02412724308669567	0.0357343852519989	-0.11384210735559464	0.10432582348585129	-0.08242729306221008	0.0073478673584759235	-0.09064462780952454	0.1149018332362175	-0.0872257649898529	-0.053922686725854874	0.017831427976489067	0.11005644500255585	-0.11629581451416016	0.028102289885282516	-0.12530428171157837	-0.12711532413959503	0.004038109909743071	-0.06529161334037781	-0.09693759679794312	-0.018573321402072906	-0.07734724879264832	-0.07576237618923187	-0.02918892167508602	-0.10838665068149567	-0.12063230574131012	0.10633419454097748	0.013481970876455307	0.10082239657640457	-0.052457403391599655	0.12198062986135483	-0.1230359822511673	-0.1165023222565651	0.19680151343345642	0.15889422595500946	0.023577505722641945	-0.00038636161480098963	0.008222177624702454	0.07659255713224411	-0.010641566477715969	0.0059231948107481	0.13021674752235413	0.10757904499769211	-0.18197128176689148	-0.10740173608064651	0.08590146899223328	-0.06880833208560944	0.0841878205537796	0.11688735336065292	-0.11630081385374069	-0.08162032067775726	-0.046929650008678436	0.04010409489274025	-0.045895274728536606	0.0012047883355990052	0.02318664640188217	-0.02328142523765564	0.08234088867902756	0.006549315061420202	-0.14081642031669617	0.18576876819133759	-0.10315117239952087	-0.23513418436050415	-0.09733696281909943	0.0872839167714119	0.12007661163806915	-0.13008557260036469	0.1492287963628769	-0.08588208258152008	0.035878751426935196	0.028255028650164604	0.038585759699344635	-0.035676781088113785	-0.2683259844779968	-0.04407133907079697	0.21799953281879425	-0.01250581443309784	0.0781548023223877
http://www.semanticweb.org/eNOVATION-ontology#hasDomainOfUse	0.09637346863746643	-0.030648332089185715	-0.12556353211402893	0.05943196266889572	0.17757312953472137	-0.13585737347602844	-0.1565088927745819	-0.17050638794898987	-0.14558517932891846	0.24441124498844147	-0.03806822746992111	-0.03372013941407204	0.12951122224330902	0.20655280351638794	0.12480426579713821	0.11926057189702988	-0.2096111923456192	0.1971638947725296	-0.1612214893102646	-0.19147124886512756	-0.20124275982379913	0.07109669595956802	-0.07011789083480835	0.130787655711174	-0.11708062887191772	-0.17003610730171204	0.1205119639635086	-0.07779660075902939	0.11677984893321991	0.22596053779125214	-0.02501259185373783	0.2092532217502594	0.24292618036270142	0.21621793508529663	-0.15424509346485138	0.09334518760442734	0.15496565401554108	-0.06313872337341309	-0.1764897257089615	0.08002986013889313	-0.10228455811738968	-0.10277613252401352	-0.20866309106349945	0.061247583478689194	0.15106679499149323	0.06162979453802109	-0.1279154270887375	-0.08707573264837265	-0.11748216301202774	-0.04483963921666145	-0.19010871648788452	0.08576106280088425	-0.13959398865699768	-0.055521588772535324	-0.050132863223552704	-0.09785404801368713	-0.09575074911117554	-0.037874676287174225	0.0808941125869751	0.034998569637537	0.09892422705888748	-0.1214505285024643	0.2545870244503021	0.24509455263614655	-0.16954074800014496	-0.09364829212427139	0.08572796732187271	-0.05732026323676109	-0.08760148286819458	-0.07354804128408432	-0.07977242767810822	0.07130343466997147	-0.03345908969640732	-0.14699868857860565	0.02639801800251007	0.10478714853525162	-0.1049596294760704	-0.06361217051744461	0.008076347410678864	-0.035468362271785736	0.008440054021775723	0.03712588921189308	0.001606466481462121	-0.11951574683189392	-0.03259027749300003	-0.060664933174848557	0.08972246944904327	-0.015805300325155258	0.08359340578317642	0.09875097870826721	-0.17382924258708954	0.05751606076955795	-0.08617489039897919	0.05647240951657295	0.21694093942642212	0.17162436246871948	0.09011461585760117	0.152261883020401	-0.1415766030550003	0.09767808765172958
http://www.semanticweb.org/eNOVATION-ontology#hasEquipment	0.11723751574754715	-0.03588389232754707	-0.01654251664876938	-0.0811944529414177	-0.06508231908082962	0.14651606976985931	-0.10039966553449631	0.062300052493810654	-0.011821887455880642	0.10848352313041687	0.1267797201871872	-0.0045051975175738335	0.2031509280204773	-0.053476542234420776	0.10590313374996185	0.004870040807873011	-0.018056334927678108	-0.17778652906417847	0.0647474080324173	-0.1341448426246643	-0.13840845227241516	0.0822749137878418	-0.12957297265529633	0.0996478796005249	0.06936129182577133	0.07446584850549698	-0.15118977427482605	0.026160789653658867	0.19207289814949036	0.0341498889029026	-0.061719805002212524	0.07037974148988724	-0.12963588535785675	0.10919848084449768	-0.10808216035366058	0.07590111345052719	0.11677871644496918	-0.10746791958808899	-0.16986271739006042	-0.1074042096734047	-0.010383864864706993	-0.20582284033298492	-0.04802866652607918	-0.04226169362664223	-0.06055334210395813	-0.16178786754608154	0.004931052681058645	-0.12164303660392761	-0.22803719341754913	-0.030037829652428627	0.0478975847363472	-0.15924593806266785	-0.1315077394247055	0.12157215923070908	-0.16545294225215912	-0.07200025022029877	-0.045142948627471924	0.13849014043807983	-0.17313571274280548	0.05585653334856033	-0.006900270469486713	0.1697840690612793	-0.0499349907040596	-0.10632389038801193	0.1485927253961563	-0.1723029464483261	-0.06656572967767715	-0.09671636670827866	0.01369355246424675	0.065619558095932	0.160654217004776	-0.07560582458972931	-0.04586344584822655	0.030272018164396286	0.002321711042895913	0.14590415358543396	-0.08609737455844879	0.1939505785703659	0.0983637273311615	-0.05152762308716774	0.03889257088303566	-0.10660730302333832	-0.05954935774207115	0.12044531852006912	-0.04283226281404495	0.11402741074562073	0.11526498943567276	0.11832907795906067	-0.08593737334012985	0.07192914187908173	0.14917010068893433	0.18759936094284058	-0.10386212170124054	-0.1392441689968109	-0.12470477819442749	-0.08435077220201492	-0.05554025247693062	0.07256636023521423	0.10715878009796143	-0.11292318999767303
http://www.semanticweb.org/eNOVATION-ontology#hasExerciseEvaluation	-0.11213270574808121	-0.09932514280080795	-0.03803951293230057	-0.12891758978366852	0.09470567852258682	-0.04190468043088913	0.2141585648059845	0.08160018175840378	-0.08533398061990738	-0.17218738794326782	0.0857221707701683	0.1412999927997589	-0.10406606644392014	-0.11791986227035522	0.061766304075717926	-0.02238946594297886	0.1415238380432129	-0.04754466935992241	-0.08703117072582245	-0.15027539432048798	0.06962808966636658	-0.07026461511850357	0.0962747186422348	0.13465577363967896	-0.1710461676120758	0.05378124117851257	0.07382563501596451	0.15653517842292786	0.0646863803267479	0.031847693026065826	-0.08489735424518585	-0.06262728571891785	0.029963189736008644	-0.13356955349445343	-0.08447673916816711	-0.05434983968734741	-0.08244998008012772	-0.11144136637449265	0.0623902902007103	-0.17275777459144592	0.21166975796222687	-0.05343880131840706	0.055473100394010544	-0.04297633469104767	0.026610003784298897	-0.2960875630378723	0.09946656227111816	0.17970186471939087	0.01961539499461651	0.06573616713285446	0.11423509567975998	0.0358431413769722	-0.0417034775018692	0.026594815775752068	0.039444249123334885	-0.015629781410098076	0.11834438145160675	0.03219437226653099	-0.09373749047517776	-0.051765862852334976	0.1260700225830078	-0.02106289193034172	0.04712969437241554	0.11241079866886139	-0.09603600203990936	-0.12634535133838654	-0.0548650361597538	0.01252308115363121	-0.0411614328622818	-0.13642627000808716	-0.13393761217594147	-0.20379063487052917	0.054149020463228226	-0.07121572643518448	-0.024825939908623695	0.06335187703371048	0.16839663684368134	-0.03816826269030571	0.1189623698592186	-0.2546524405479431	-0.16502903401851654	0.1123570129275322	-0.04360167309641838	0.030703293159604073	-0.08079665899276733	0.06392565369606018	-0.16357317566871643	-0.07653671503067017	-0.12054365873336792	0.1927926242351532	0.09407073259353638	0.03965739533305168	-0.2386837750673294	-0.09246643632650375	-0.16099674999713898	-0.08943373709917068	0.17706061899662018	0.0533783957362175	-0.1393408179283142	0.03795476630330086
http://www.semanticweb.org/eNOVATION-ontology#hasExercisePhase	0.10235457867383957	-0.1576462686061859	-0.06669344007968903	0.03994184732437134	0.1413043588399887	-0.14591190218925476	-0.070694200694561	-0.02308010309934616	0.09475962072610855	-0.13367772102355957	-0.12162215262651443	0.0031325691379606724	-0.24132826924324036	0.19113454222679138	0.05279557406902313	-0.17224445939064026	-0.16109201312065125	0.036235712468624115	0.12774881720542908	-0.06581682711839676	0.11400503665208817	-0.07996387779712677	-0.022059431299567223	0.19735653698444366	-0.09304822981357574	0.04476061090826988	0.2507981061935425	0.20443235337734222	-0.01809762977063656	-0.06712489575147629	0.06345181167125702	0.1944192796945572	0.24366560578346252	-0.07585377991199493	0.07974585890769958	-0.14535391330718994	-0.10393970459699631	0.13090427219867706	-0.19053299725055695	-0.12356211990118027	0.28104034066200256	0.09728442132472992	0.16882041096687317	0.06764202564954758	0.059451114386320114	0.08646182715892792	0.0790119394659996	-0.03739423304796219	-0.1805172711610794	0.17945022881031036	0.18644708395004272	-0.16404175758361816	0.13240115344524384	-0.06737476587295532	-0.023210881277918816	0.11843175441026688	-0.09837440401315689	-0.073521688580513	0.09076998382806778	-0.21558985114097595	0.0912584587931633	0.15854202210903168	-0.12828214466571808	0.18983568251132965	0.1087668165564537	-0.20398585498332977	0.09203077852725983	-0.2471534013748169	0.19405095279216766	0.15336823463439941	0.13012933731079102	0.07066783308982849	0.07553069293498993	0.007577646989375353	0.13067033886909485	-0.1456909477710724	0.041295770555734634	-0.223011776804924	0.21487541496753693	0.09504470229148865	-0.19899223744869232	0.17396876215934753	-0.031035006046295166	0.10919594019651413	-0.12684909999370575	0.09336256980895996	-0.23763033747673035	0.043326884508132935	-0.09667978435754776	0.08764544129371643	-0.14184248447418213	-0.1465073525905609	-0.11035950481891632	0.011584808118641376	-0.08874773979187012	0.005114740692079067	-0.23082268238067627	-0.1373608112335205	0.10941500216722488	0.12848274409770966
http://www.semanticweb.org/eNOVATION-ontology#hasExtraCapability	-0.1982996016740799	-0.201963409781456	0.07650116086006165	-0.1696929931640625	0.021199336275458336	0.025153154507279396	-0.06251293420791626	0.1056588739156723	-0.009123945608735085	-0.07386879622936249	-0.0539720319211483	0.25966838002204895	0.0018660369096323848	0.20392322540283203	-0.04125751182436943	-0.14406731724739075	-0.045238103717565536	-0.15559183061122894	0.05513259023427963	-0.042497601360082626	-0.13185127079486847	-0.18491367995738983	-0.18734730780124664	0.13994063436985016	0.10922824591398239	0.04385549947619438	0.059479039162397385	-0.1341976672410965	0.02028113231062889	0.12667076289653778	-0.09885968267917633	0.07246033847332001	0.28380465507507324	-0.016612712293863297	0.06538060307502747	-0.05925387144088745	-0.13045930862426758	-0.040217041969299316	-0.10265000909566879	-0.05308562517166138	0.15564724802970886	0.06844513863325119	-0.11432942003011703	-0.020375914871692657	-0.04543856158852577	-0.10632739216089249	0.14451617002487183	-0.13356344401836395	0.12882639467716217	-0.01781046763062477	0.010202659294009209	0.0021004609297960997	0.06736654788255692	0.06405558437108994	0.03128502890467644	0.10530739277601242	-0.012973634526133537	-0.09687241166830063	0.025508292019367218	-0.1555643528699875	-0.1448431760072708	0.19351597130298615	0.015058642253279686	-0.08037745952606201	0.12377593666315079	-0.09808452427387238	-0.15808163583278656	0.02147466130554676	0.014003640972077847	-0.004823653027415276	-0.006611523684114218	0.002217924688011408	0.2353765219449997	-0.2786245346069336	0.027589863166213036	-0.13302667438983917	0.01587510295212269	0.02063842862844467	-0.11817720532417297	-0.07864313572645187	0.018445048481225967	0.07786437124013901	-0.09667491167783737	-0.015818383544683456	0.09087993204593658	-0.045582469552755356	-0.05828901380300522	-0.12975870072841644	0.1180131807923317	0.19855399429798126	-0.14498333632946014	0.02887016348540783	0.09418759495019913	-0.09552621841430664	0.044509634375572205	0.11602932214736938	0.11298174411058426	-0.029261494055390358	0.13603977859020233	-0.04610397666692734
http://www.semanticweb.org/eNOVATION-ontology#hasFacility	0.02800448052585125	-0.08653487265110016	-0.029562152922153473	0.013027052395045757	0.22017239034175873	-0.15413251519203186	0.02760382741689682	-0.1651470959186554	-0.03592134267091751	-0.0970844030380249	0.14781299233436584	0.15322287380695343	-0.2419424206018448	0.16288088262081146	0.0751006156206131	-0.015327631495893002	-0.1395823210477829	-0.022207409143447876	-0.14269495010375977	0.1405232548713684	-0.1291283518075943	-0.013273014687001705	-0.17730006575584412	0.06831566244363785	-0.09513390809297562	-0.1561904102563858	-0.1414516717195511	-0.024225857108831406	-0.17856541275978088	-0.0640471875667572	0.05365191027522087	-0.07656661421060562	-0.004194853361696005	-0.11077030003070831	-0.09055525809526443	-0.0931209996342659	0.05709780752658844	-0.06553572416305542	-0.03916270285844803	-0.19597673416137695	0.07004081457853317	0.03158684819936752	-0.19539354741573334	-0.019876476377248764	0.013404877856373787	0.016741221770644188	0.129115030169487	0.059454068541526794	-0.020753027871251106	-0.020977016538381577	0.002739028073847294	-0.1751663088798523	-0.06687185168266296	-0.11465005576610565	0.033453330397605896	0.0639885663986206	0.01053379476070404	-0.13015347719192505	0.1691465824842453	-0.0630817860364914	0.02506350167095661	0.28171947598457336	0.15721189975738525	-0.1344193071126938	-0.006377184297889471	0.04643647372722626	0.2670241594314575	-0.1321113407611847	-0.10348372161388397	0.2298351228237152	-0.040886614471673965	0.055599819868803024	0.041568201035261154	-0.01822356879711151	-0.03180263563990593	-0.09981810301542282	-0.02112308144569397	0.10085646063089371	-0.05297393351793289	-0.15648213028907776	0.006393158342689276	-0.07597533613443375	0.13664665818214417	-0.07510551810264587	-0.23140670359134674	0.022501450031995773	0.1278623789548874	-0.1336452066898346	0.12417382746934891	-0.03847387060523033	-0.09415502101182938	0.06913395971059799	0.15572866797447205	0.0680585727095604	0.13537219166755676	-0.004676722921431065	0.03755592182278633	0.0470263808965683	0.16349650919437408	0.0723426565527916
http://www.semanticweb.org/eNOVATION-ontology#hasOrganizationalStaffRole	-0.06996018439531326	-0.13875415921211243	-0.02868811786174774	-0.16358758509159088	0.16952957212924957	-0.0648745745420456	-0.05808703973889351	0.07247941195964813	0.16867861151695251	-0.09273988753557205	-0.00710357865318656	-0.15958112478256226	0.08579959720373154	0.06978986412286758	-0.11092036217451096	0.10571730881929398	0.0218933317810297	-0.14465157687664032	0.1366572380065918	0.012776562012732029	0.11449756473302841	0.07355917990207672	-0.027735799551010132	-0.11979756504297256	0.18170277774333954	0.13194122910499573	0.06903419643640518	0.0030433754436671734	0.004955552518367767	0.14589178562164307	0.03187674283981323	0.17630690336227417	0.15354450047016144	-0.12412140518426895	0.11601898819208145	-0.003149589989334345	0.11511033773422241	-0.0627027153968811	0.11301637440919876	-0.09825322031974792	-0.11264000087976456	-0.003793880110606551	0.05069710314273834	0.05705873295664787	0.16050724685192108	-0.14832234382629395	-0.027920685708522797	0.08279222995042801	-0.14598757028579712	-0.16275054216384888	-0.0005121792783029377	0.1456252485513687	-0.14858318865299225	0.049372218549251556	0.045362696051597595	-0.1672573834657669	-0.05832333862781525	-0.05682111531496048	0.08897645771503448	0.09489254653453827	-0.045271120965480804	-0.10303017497062683	0.13200034201145172	0.09048473834991455	-0.14149168133735657	-0.1210775300860405	0.08366793394088745	0.07262677699327469	-0.15274633467197418	0.08538305759429932	0.1086006909608841	-0.07453648000955582	0.08238767832517624	0.13018596172332764	0.017633335664868355	-0.06079800799489021	-0.013651504181325436	0.05694156512618065	-0.10580771416425705	-0.10480581223964691	-0.06159907951951027	0.0871967226266861	0.13472428917884827	0.19720128178596497	0.014447909779846668	0.02381882071495056	-0.14362159371376038	-0.08450296521186829	0.00822348240762949	0.03619430959224701	0.1352381408214569	0.015081425197422504	-0.12468571215867996	0.13356870412826538	0.11250665783882141	0.0730477124452591	0.09550927579402924	-0.11822337657213211	0.06169837340712547	-0.004851417150348425
http://www.semanticweb.org/eNOVATION-ontology#hasResponseAction	-0.08738084882497787	-0.12584547698497772	0.07000903785228729	-0.20943395793437958	-0.06197298690676689	0.13885028660297394	0.17848996818065643	-0.11991284042596817	-0.08911848813295364	0.09074502438306808	0.14830030500888824	-0.07217872142791748	-0.18314789235591888	0.0642252042889595	-0.16342434287071228	0.09786825627088547	0.09862281382083893	0.10606688261032104	0.0758940801024437	-0.12956100702285767	0.1502130627632141	0.05109810829162598	0.05123976245522499	0.0883803740143776	-0.153174489736557	-0.21470722556114197	-0.09760438650846481	-0.02220926061272621	0.18285582959651947	-0.1591172069311142	-0.04662603512406349	-0.007504619657993317	-0.09018543362617493	-0.0516066737473011	-0.2007017284631729	0.08876966685056686	-0.10950912535190582	0.2619530260562897	0.10918767750263214	-0.25258350372314453	-0.04301099106669426	-0.07891138643026352	0.12582461535930634	-0.07632429152727127	0.09503880143165588	-0.18007303774356842	0.08645236492156982	0.15289504826068878	0.2609657049179077	-0.136056587100029	-0.1995159089565277	0.16436617076396942	0.12058410793542862	-0.1967075616121292	-0.055189941078424454	-0.13094159960746765	-0.06527110934257507	0.1317310482263565	-0.08576186001300812	0.07110325992107391	0.12526270747184753	-0.11706867814064026	-0.16387714445590973	-0.10847850888967514	0.0002475572400726378	0.1967034488916397	0.20934782922267914	-0.16457119584083557	0.14072772860527039	0.12951676547527313	0.0989973247051239	-0.023691950365900993	-0.07877541333436966	0.06600457429885864	0.05928774178028107	-0.035638485103845596	-0.17039579153060913	0.18635863065719604	0.0732211172580719	-0.0396045558154583	-0.02306494303047657	-0.1369781643152237	-0.07194939255714417	0.12133075296878815	0.021050747483968735	-0.007326171733438969	-0.11483198404312134	-0.17187322676181793	-0.08651456981897354	0.1426590532064438	0.2096424549818039	0.03464615345001221	-0.15931743383407593	-0.24210527539253235	0.04199737682938576	0.0856696218252182	-0.09990490227937698	-0.05107192322611809	-0.05480431020259857	0.21514157950878143
http://www.semanticweb.org/eNOVATION-ontology#hasScenarioRole	-0.09002740681171417	0.06538277864456177	-0.08586026728153229	0.016416458413004875	0.08163119852542877	0.09672676771879196	-0.09846299886703491	-0.14620733261108398	-0.012765862978994846	-0.24811303615570068	0.10342534631490707	-0.007957682013511658	-0.018988290801644325	-0.02514764852821827	-0.12292767316102982	-0.16728676855564117	0.13253901898860931	-0.24777844548225403	0.011649416759610176	-0.03378060460090637	0.1827837973833084	-0.1606692224740982	-0.13799390196800232	-0.014708125032484531	-0.17406606674194336	0.18512406945228577	0.047473642975091934	0.07197704166173935	0.18773837387561798	0.08665106445550919	0.14897115528583527	0.12922915816307068	0.006142643745988607	-0.14115242660045624	-0.03406110405921936	0.08950405567884445	0.0014993296936154366	-0.03674870356917381	0.14428959786891937	0.09576574712991714	-0.09220698475837708	0.11073072254657745	-0.009706100448966026	0.1113123819231987	0.08156478404998779	0.1485344022512436	-0.03966140002012253	0.12866076827049255	-0.06335753947496414	-0.07253698259592056	-0.08279534429311752	-0.21158547699451447	0.06451397389173508	-0.14965380728244781	-0.07205472141504288	0.06771225482225418	0.08861330896615982	0.1477043479681015	-0.14538581669330597	0.03331760689616203	-0.04959449917078018	0.22755318880081177	0.0656401664018631	-0.10041894018650055	0.1607232689857483	-0.07297513633966446	0.04633688926696777	-0.21919357776641846	-0.04478289186954498	0.07864277809858322	0.18150293827056885	-0.24869491159915924	-0.04053238406777382	0.16859331727027893	0.0021629708353430033	0.1470518857240677	0.1715337187051773	-0.1101839542388916	-0.2456323206424713	0.14041472971439362	-0.15604794025421143	0.20891906321048737	-0.06409412622451782	-0.024456216022372246	-0.08847777545452118	-0.1100848913192749	-0.0789148211479187	0.02686777524650097	-0.13745951652526855	-0.022863075137138367	0.17985452711582184	0.02494935691356659	-0.06088239699602127	0.052965130656957626	-0.13283281028270721	0.06403938680887222	-0.14416520297527313	-0.08454131335020065	0.27936866879463196	-0.15118204057216644
http://www.semanticweb.org/eNOVATION-ontology#hasTCDiscipline	0.12938372790813446	0.06996939331293106	-0.12323632836341858	-0.21202516555786133	0.1338227391242981	0.0801132321357727	0.16991981863975525	0.1257612109184265	0.13592422008514404	0.24665923416614532	0.08380703628063202	0.1663358360528946	-0.17738096415996552	-0.029130617156624794	-0.04947346821427345	0.1302676945924759	0.09168691188097	0.009696077555418015	-0.13664089143276215	0.047007810324430466	0.1297154575586319	0.05022254213690758	-0.08677828311920166	0.16858991980552673	-0.0210123173892498	0.1414719521999359	0.029069403186440468	0.11422892659902573	0.09618481993675232	0.11769619584083557	0.10700146108865738	-0.07186350226402283	0.17825999855995178	-0.039516694843769073	-0.09298987686634064	-0.08114331215620041	-0.1175369918346405	-0.1496189534664154	-0.22175802290439606	-0.25698596239089966	0.011070245876908302	0.10346653312444687	0.12013117969036102	0.06331519782543182	-0.16017241775989532	0.07148145139217377	0.029723774641752243	-0.08744436502456665	0.032013047486543655	-0.14616987109184265	0.06236986443400383	0.04339243844151497	-0.21463318169116974	0.08723717927932739	-0.09233638644218445	0.10730262845754623	-0.10329819470643997	0.018216704949736595	0.1340278536081314	0.058201923966407776	-0.027735937386751175	-0.1531737744808197	0.08577510714530945	0.04201284795999527	0.14569823443889618	0.026355057954788208	0.24140162765979767	0.09439583122730255	0.005054332781583071	0.16299211978912354	0.07362470030784607	-0.005054686684161425	0.013041526079177856	-0.10759478807449341	-0.1399221122264862	0.034885477274656296	-0.039740122854709625	0.09395203739404678	-0.06874777376651764	-0.06997626274824142	-0.06296414881944656	-0.030375510454177856	-0.13512472808361053	-0.11121194809675217	-0.26249557733535767	0.004920048639178276	0.14959272742271423	0.04392792284488678	0.14234234392642975	0.23755624890327454	0.06671645492315292	-0.006293625570833683	0.20632974803447723	-0.13527217507362366	0.23442989587783813	-0.09022528678178787	0.17753171920776367	-0.10737954080104828	0.1361699104309082	-0.13503703474998474
http://www.semanticweb.org/eNOVATION-ontology#hasTCType	-0.1676340252161026	-0.16785071790218353	0.13547006249427795	-0.0882682055234909	0.1341700255870819	0.17811991274356842	0.10970911383628845	-0.08433914929628372	-0.16084814071655273	-0.1234474629163742	0.15248137712478638	0.07301501929759979	-0.13063162565231323	0.029230395331978798	0.13490700721740723	0.09063872694969177	-0.09417705982923508	-0.13156084716320038	-0.1473453938961029	0.10788016021251678	-0.15538035333156586	0.10603358596563339	-0.06694915145635605	-0.03644911199808121	0.029050009325146675	0.06624718755483627	-0.2275533676147461	0.02808373235166073	-0.05458489805459976	0.03118271566927433	-0.10905825346708298	-0.1329377442598343	0.06186927482485771	0.019724365323781967	0.07319486886262894	-0.18295696377754211	-0.08954720944166183	-0.18608281016349792	-0.09203175455331802	0.04009823501110077	-0.057716842740774155	-0.025344153866171837	0.004770976025611162	0.011370443738996983	-0.18169255554676056	0.004303485620766878	-0.08566602319478989	-0.16458547115325928	-0.0752139464020729	0.023569297045469284	-0.19727209210395813	-0.08246079087257385	-0.025948042050004005	-0.0382133387029171	0.04583786800503731	-0.0598917193710804	0.09313800185918808	-0.03486490622162819	-0.15912818908691406	0.07472993433475494	-0.050499383360147476	0.09991131722927094	-0.05181467905640602	0.13634607195854187	0.10137157142162323	-0.005356531590223312	-0.06910047680139542	0.07294343411922455	0.21477726101875305	0.15621894598007202	0.04454336315393448	0.02739425003528595	-0.06487475335597992	-0.06566454470157623	-0.16280178725719452	-0.0036966826301068068	0.08217757195234299	0.11074988543987274	-0.04158427566289902	-0.08735261857509613	0.13245992362499237	-0.12419643253087997	0.1267278641462326	-0.02261323481798172	-0.2632409632205963	-0.043072499334812164	0.17060184478759766	-0.01580561138689518	-0.16926363110542297	-0.025362791493535042	-0.03973304480314255	-0.046464111655950546	-0.028214117512106895	0.15304802358150482	0.06029382720589638	0.07014486193656921	0.10867658257484436	0.029408780857920647	0.06879458576440811	0.16569414734840393
http://www.semanticweb.org/eNOVATION-ontology#hasTRL	0.1409463882446289	-0.10498080402612686	-0.056561727076768875	0.011077335104346275	0.03876388072967529	-0.016120392829179764	-0.0458725206553936	-0.0286400206387043	0.0047338856384158134	0.07472380995750427	0.07746082544326782	0.2613396644592285	0.1806374341249466	-0.10920573025941849	0.04557092860341072	-0.029859213158488274	-0.145122230052948	0.07603591680526733	0.0719728097319603	0.03093811869621277	-0.01919487863779068	0.23229128122329712	-0.105068638920784	-0.030862106010317802	-0.052287302911281586	-0.1021466851234436	0.05018165335059166	0.11475216597318649	0.16725531220436096	0.11799417436122894	0.023414745926856995	0.05734705924987793	-0.06067569553852081	0.17319537699222565	-0.10153943300247192	0.05891823768615723	0.08351343125104904	0.20774023234844208	-0.14298337697982788	-0.13021869957447052	-0.03334180638194084	-0.008680597878992558	-0.014763088896870613	0.05643464997410774	-0.19070149958133698	-0.17787273228168488	-0.17705339193344116	0.10720167309045792	-0.2130073457956314	0.020131906494498253	-0.20171329379081726	0.04928046092391014	-0.11090859025716782	0.1260889619588852	-0.17672599852085114	-0.2698458135128021	-0.13304364681243896	0.11389824748039246	0.0025061429478228092	0.07760432362556458	0.16759711503982544	0.06755540519952774	0.11716384440660477	-0.14945116639137268	-0.18085305392742157	0.15632712841033936	0.19525206089019775	0.0797513872385025	0.1537322849035263	0.1014089360833168	0.07690390199422836	0.0423978753387928	-0.16024260222911835	-0.15954779088497162	0.13935907185077667	0.025591766461730003	0.052844900637865067	-0.11516377329826355	0.015780797228217125	-0.007426542695611715	-0.014278734102845192	-0.14616449177265167	-0.10512810945510864	-0.20773686468601227	-0.08819214254617691	0.0024526806082576513	0.06751764565706253	0.09609318524599075	0.08998297899961472	-0.0872369259595871	-0.10707294940948486	0.015247266739606857	-0.09099668264389038	0.11183325946331024	0.09806562215089798	0.01410641148686409	0.0242148544639349	0.10966622084379196	-0.23754766583442688	0.1317627876996994
http://www.semanticweb.org/eNOVATION-ontology#hasTrainer	0.15251664817333221	-0.008427675813436508	-0.06054294854402542	-0.14521771669387817	-0.042100366204977036	-0.1022927388548851	0.10940158367156982	0.10337739437818527	-0.0638875737786293	0.19337306916713715	0.09449126571416855	0.03041413426399231	-0.002843454945832491	0.08153899013996124	0.020067716017365456	-0.08732439577579498	-0.08471207320690155	-0.08085982501506805	-0.15135732293128967	0.08546067774295807	-0.02573486976325512	-0.12591442465782166	0.047635748982429504	-0.04684338718652725	-0.014967131428420544	0.1491105556488037	-0.018457669764757156	0.14233876764774323	0.0885402038693428	-0.03307802230119705	0.04467077925801277	-0.05604291707277298	0.010154505260288715	0.08186721801757812	0.04402259737253189	-0.09833832830190659	0.22014285624027252	-0.18432305753231049	-0.18033736944198608	0.10908857733011246	-0.13862936198711395	-0.01233968511223793	-0.03927592560648918	0.0018463152227923274	-0.021284740418195724	0.15942269563674927	0.09150848537683487	0.016956932842731476	0.051426444202661514	-0.05737404525279999	0.17284812033176422	0.07049696892499924	0.05464032664895058	-0.042329318821430206	0.10064896196126938	0.0008377424674108624	0.01771887205541134	0.05268169566988945	0.060759130865335464	0.019234346225857735	-0.09948813170194626	0.06683365255594254	0.02664896659553051	0.0025505765806883574	-0.13379544019699097	0.014552413485944271	-0.13396629691123962	0.13710950314998627	0.07087378203868866	0.1401379108428955	0.08529722690582275	0.121317058801651	-0.12298676371574402	0.051037177443504333	0.14245007932186127	0.1289220154285431	0.08633977174758911	-0.06716907024383545	-0.07263738662004471	-0.004910428076982498	-0.033291783183813095	-0.13911660015583038	-0.02946760319173336	0.056963659822940826	0.017995627596974373	-0.07025234401226044	0.08195824921131134	-0.09757255017757416	-0.04133683070540428	-0.162778839468956	-0.14000344276428223	-0.09774535894393921	-0.05832087993621826	-0.0046739219687879086	0.03134062886238098	0.056855931878089905	-0.04146099463105202	0.16423575580120087	-0.07588040083646774	-0.15729430317878723
http://www.semanticweb.org/eNOVATION-ontology#hasTrainingAudience	-0.20946446061134338	-0.06848070025444031	0.2080383151769638	0.18060576915740967	0.04143250361084938	-0.2230817675590515	0.22500008344650269	0.2983441948890686	0.22478637099266052	-0.24494893848896027	0.12665480375289917	0.09256600588560104	-0.03671452775597572	-0.05259357765316963	0.06341863423585892	0.07534868270158768	-0.1823555827140808	-0.028372488915920258	-0.18962296843528748	0.00874774158000946	-0.08745177835226059	0.07057913392782211	0.08496537059545517	-0.01803627610206604	0.05331885814666748	0.18977230787277222	-0.20788425207138062	0.11931124329566956	0.11659343540668488	-0.07754385471343994	-0.15227879583835602	0.13217483460903168	0.06950199604034424	-0.1470259428024292	0.1871778517961502	0.016499744728207588	0.023954397067427635	-0.032778844237327576	-0.15616273880004883	-0.08288605511188507	0.06142976135015488	0.07228681445121765	-0.07386665791273117	0.05071230232715607	-0.3090365529060364	0.036126721650362015	0.17235131561756134	-0.23793910443782806	-0.12395944446325302	0.01794496551156044	-0.12845613062381744	0.14976204931735992	0.16846877336502075	-0.17974932491779327	-0.3033824861049652	0.06569505482912064	-0.004357655066996813	0.2354351133108139	0.10296010226011276	0.15956056118011475	-0.01911996677517891	-0.07835815846920013	0.1914520561695099	0.1213611513376236	-0.10568662732839584	-0.09861073642969131	0.11706250160932541	-0.05476613715291023	0.21847935020923615	0.13555200397968292	-0.1917525678873062	0.13659228384494781	-0.09846211969852448	-0.20719242095947266	0.1598530411720276	-0.21588413417339325	0.15142272412776947	-0.17291602492332458	0.06308147311210632	-0.061467111110687256	0.032039713114500046	0.31327491998672485	-0.15638630092144012	-0.060247257351875305	0.02619262784719467	0.10008850693702698	-0.10976962745189667	-0.1363062560558319	0.045490484684705734	0.08526166528463364	0.2132333517074585	-0.21773426234722137	0.28296947479248047	0.06559240818023682	-0.206913560628891	-0.1063598021864891	0.014424837194383144	0.15684358775615692	0.12378783524036407	0.11028098315000534
http://www.semanticweb.org/eNOVATION-ontology#hasTrainingParticipant	0.09368051588535309	0.1549443155527115	-0.008314525708556175	0.06109865754842758	-0.11203016340732574	0.14653202891349792	-0.06153828278183937	0.05598752945661545	0.1259908229112625	0.164549320936203	-0.11095605045557022	-0.02912115305662155	-0.09468540549278259	0.13916760683059692	0.060559965670108795	0.11385155469179153	-0.09320425987243652	-0.11923286318778992	-0.07805067300796509	-0.10305090248584747	0.09218169003725052	-0.06502580642700195	-0.03390823304653168	-0.22112272679805756	-0.012868938036262989	0.13534994423389435	-0.10504123568534851	-0.22579075396060944	-0.08844049274921417	-0.08509653061628342	0.060162339359521866	-0.04808129742741585	0.1833355575799942	0.06822426617145538	-0.03524740785360336	0.09230980277061462	0.076488196849823	-0.05502207949757576	-0.17438408732414246	-0.02649173140525818	0.05454348772764206	-0.020408477634191513	0.03040803037583828	0.12681011855602264	0.0387260802090168	0.1319892406463623	0.06719046086072922	0.09849496930837631	-0.17363828420639038	-0.012409917078912258	-0.2168712466955185	0.012900745496153831	0.02820548601448536	-0.08979249000549316	0.06948214769363403	0.0448048859834671	-0.10711074620485306	-0.09184635430574417	-0.14408239722251892	0.17178498208522797	-0.03416536748409271	0.11050489544868469	0.19122746586799622	-0.10551799833774567	-0.07563202828168869	-0.07351737469434738	-0.08599546551704407	0.14404699206352234	-0.1272762566804886	0.204294815659523	0.030178161337971687	-0.10710832476615906	-0.18168774247169495	-0.042054638266563416	-0.02377944067120552	0.055515166372060776	0.08540362119674683	-0.13386084139347076	-0.1739416867494583	0.015656718984246254	-0.12622328102588654	-0.07239706069231033	-0.15329478681087494	-0.12539303302764893	0.0017891257302835584	-0.03506610915064812	0.07251223176717758	0.10498492419719696	0.16045935451984406	0.04626224562525749	0.08552724868059158	-0.11608574539422989	-0.03897993639111519	-0.06111615151166916	0.023603079840540886	-0.17534439265727997	0.16742628812789917	0.20017282664775848	0.2028183937072754	-0.062056299299001694
http://www.semanticweb.org/eNOVATION-ontology#involvesThreat	-0.10675708204507828	0.1959845870733261	-0.09729354828596115	-0.09964333474636078	0.03936687856912613	0.017693471163511276	0.03181220591068268	0.08311711251735687	0.04189341887831688	0.08128639310598373	0.17395980656147003	-0.0903390496969223	-0.011533242650330067	-0.08621078729629517	0.00182567466981709	-0.05835458263754845	0.05998000502586365	-0.06519484519958496	0.02246689610183239	0.021105041727423668	0.12477593123912811	0.0471271388232708	0.13765642046928406	-0.14889933168888092	0.14712223410606384	0.09097498655319214	-0.10511592775583267	0.10904426127672195	-0.04398662969470024	-0.08889634907245636	-0.2658692002296448	0.0602911151945591	0.03170885518193245	-0.10049241036176682	0.15880216658115387	-0.1231943666934967	0.059656206518411636	0.17501448094844818	0.03178996220231056	-0.09612581133842468	0.13662607967853546	-0.10430611670017242	0.12137800455093384	0.07835371792316437	-0.05423591658473015	-0.09419293701648712	0.00032799181644804776	0.0703144446015358	0.28723153471946716	0.10754159837961197	-0.08186447620391846	-0.11796563118696213	-0.04678552225232124	-0.1007172092795372	0.12897507846355438	0.05932619422674179	-0.09918853640556335	0.08689671754837036	-0.11275211721658707	0.15811464190483093	-0.10321018099784851	-0.07081007212400436	-0.10204803943634033	-0.04204493761062622	0.09962032735347748	-0.06414899975061417	0.037063561379909515	-0.014717797748744488	-0.08108463883399963	0.1097116768360138	-0.07653090357780457	0.09810435026884079	0.055914897471666336	-0.05968715250492096	-0.03076898120343685	-0.11306604743003845	0.05269292742013931	0.04560866951942444	-0.05084827542304993	-0.0609896183013916	0.08254199475049973	0.07534310221672058	0.08062980324029922	-0.03710522875189781	-0.020638233050704002	-0.16922256350517273	0.13584840297698975	-0.1839696764945984	0.1452302187681198	0.17219169437885284	-0.09295356273651123	0.182044118642807	-0.07283706218004227	0.0899677574634552	0.0789879634976387	0.14554758369922638	0.16831737756729126	-0.05337731912732124	-0.09461378306150436	-0.04387080296874046
http://www.semanticweb.org/eNOVATION-ontology#isActorTypeOf	0.002403522375971079	-0.0848015770316124	-0.033850282430648804	0.0005294053698889911	-0.08459256589412689	-0.13715936243534088	0.005630041938275099	0.009959971532225609	-0.11644511669874191	0.10406449437141418	0.16464585065841675	0.005134861450642347	-0.048390962183475494	0.12360566109418869	0.015688611194491386	0.008705482818186283	-0.0200676117092371	-0.25011149048805237	-0.14454104006290436	0.07195225358009338	0.03742751479148865	0.06520649790763855	-0.1578865945339203	-0.09748470783233643	0.05583227425813675	-0.054973844438791275	-0.0450873039662838	0.049458134919404984	-0.013260707259178162	0.05037634074687958	-0.0053711323998868465	0.13658680021762848	0.08174120634794235	0.24483920633792877	-0.009791199117898941	0.1865771859884262	0.08240710943937302	0.1533551812171936	-0.03420271351933479	0.0915893018245697	-0.0791521966457367	-0.14836454391479492	0.09043583273887634	-0.18063871562480927	0.13414596021175385	0.17777898907661438	-0.035597044974565506	0.11950898915529251	0.1649816930294037	0.09345822036266327	-0.09003639221191406	0.07803404331207275	0.13333973288536072	0.1670890748500824	-0.057185426354408264	0.1264898031949997	0.10930277407169342	-0.0974375456571579	-0.15652334690093994	0.0033829149324446917	-0.13416990637779236	0.1370169073343277	-0.13448846340179443	-0.1193060353398323	0.06254134327173233	-0.02725631184875965	-0.15565840899944305	0.18030501902103424	0.08711988478899002	-0.012171448208391666	0.10936824232339859	0.11820671707391739	0.0006770789041183889	0.1128513514995575	-0.010443245992064476	-0.057918939739465714	-0.20691126585006714	0.08986584842205048	-0.10844317078590393	0.09249771386384964	0.006560342386364937	-0.18918593227863312	0.1708015501499176	0.059694740921258926	0.18894781172275543	-0.044399283826351166	0.14877788722515106	-0.05822834372520447	0.0021609573159366846	0.005233624018728733	-0.14636065065860748	-0.1211799755692482	-0.09284834563732147	0.1311156004667282	-0.028667550534009933	0.04341861233115196	0.09250454604625702	-0.02207094058394432	-0.18342286348342896	0.09436267614364624
http://www.semanticweb.org/eNOVATION-ontology#isAddressedBy	-0.04211166873574257	0.22733068466186523	0.04462634027004242	-0.18032050132751465	0.1600639820098877	0.11828508973121643	0.18404923379421234	0.06091642752289772	0.026227310299873352	0.13177354633808136	-0.1728035807609558	-0.157687246799469	-0.16981880366802216	-0.09386464208364487	-0.02578810416162014	0.14947529137134552	0.0520496740937233	0.05116615071892738	0.13370198011398315	-0.041876669973134995	0.13078437745571136	0.07778139412403107	-0.0442352369427681	-0.08051406592130661	0.1238621175289154	0.22450658679008484	0.07116720080375671	-0.12817539274692535	-0.20695090293884277	-0.07022470980882645	0.17765285074710846	-0.12617261707782745	-0.17983417212963104	0.1394834667444229	-0.07235133647918701	0.07225046306848526	-0.11565808206796646	-0.1645626425743103	0.0031268324237316847	-0.14946213364601135	0.12390013784170151	0.0928306132555008	-0.00230427086353302	-0.10625630617141724	0.23194508254528046	-0.1157492995262146	0.05024179071187973	-0.11867743730545044	0.04854540899395943	-0.06906169652938843	0.026643909513950348	0.06266098469495773	0.1482744663953781	0.013938803225755692	-0.08887062221765518	-0.1369144767522812	-0.10537652671337128	-0.11042007803916931	-0.10226236283779144	-0.10923585295677185	0.103911854326725	-0.09937519580125809	-0.1840900480747223	-0.20899619162082672	0.2144375592470169	0.07243503630161285	0.14283712208271027	0.138225257396698	-0.20529158413410187	-0.12221013754606247	0.10951178520917892	0.14279776811599731	0.12846256792545319	0.07219573110342026	-0.10754506289958954	-0.09663254767656326	0.04178386181592941	0.03870454058051109	-0.06569688767194748	-0.04884839802980423	0.17399470508098602	-0.0137833496555686	0.11298433691263199	0.07021735608577728	-0.1786550134420395	-0.14262144267559052	0.03641984984278679	-0.16382932662963867	-0.1925092488527298	-0.12082816660404205	0.20754016935825348	-0.16921135783195496	0.16597799956798553	-0.027793901041150093	-0.05920371413230896	-0.11900133639574051	-0.020839933305978775	-0.025136200711131096	0.09210323542356491	0.03279527649283409
http://www.semanticweb.org/eNOVATION-ontology#isAffiliationOf	-0.017511526122689247	-0.07529839873313904	0.08921916037797928	0.056639522314071655	-0.16797682642936707	-0.06398677825927734	0.08724456280469894	0.13335208594799042	-0.054273974150419235	0.09509197622537613	-0.018425317481160164	-0.07170264422893524	-0.128008633852005	0.20240043103694916	-0.08837281912565231	-0.06373611092567444	0.15560539066791534	-0.019832443445920944	0.10976816713809967	-0.030687863007187843	0.06977527588605881	-0.09181482344865799	-0.07565843313932419	0.17952381074428558	0.15028411149978638	0.20988677442073822	-0.1557595431804657	-0.1278384029865265	-0.05547567084431648	0.0841570645570755	-0.08807296305894852	-0.04740108177065849	0.07583777606487274	0.02057003602385521	0.03560299426317215	-0.038407471030950546	0.12903174757957458	0.11127350479364395	0.038947850465774536	0.14596886932849884	0.04162851348519325	0.09017734974622726	-0.1552833616733551	-0.08582575619220734	0.078581802546978	0.1093229204416275	0.11653189361095428	-0.10380767285823822	0.11859078705310822	-0.06675887107849121	0.022568397223949432	0.032906755805015564	0.07432764023542404	0.05797330290079117	-0.015838058665394783	0.04400988295674324	-0.12748920917510986	-0.07414720207452774	0.05390682816505432	0.16581204533576965	-0.03202420473098755	-0.09290652722120285	0.012109607458114624	0.005029673688113689	-0.11214447021484375	-0.05501073971390724	-0.09450271725654602	0.08294402807950974	-0.13907723128795624	0.10502263158559799	-0.15832020342350006	-0.06861522793769836	-0.07132097333669662	-0.1903754025697708	0.10757069289684296	-0.06527102738618851	0.12965421378612518	-0.08468407392501831	-0.06427579373121262	0.1379772424697876	-0.08515851944684982	-0.027433285489678383	-0.07041356712579727	0.07947709411382675	0.008490199223160744	-0.07987536489963531	-0.1733660101890564	-0.13682499527931213	0.026942957192659378	-0.01468929834663868	-0.01015510130673647	-0.023240575566887856	0.004774537403136492	0.1327786147594452	-0.05989477038383484	0.14773108065128326	0.1340927630662918	-0.07223919034004211	-0.12779273092746735	0.11639311164617538
http://www.semanticweb.org/eNOVATION-ontology#isBasedOnIncident	0.06457660347223282	0.14176025986671448	-0.04497531056404114	-0.09606494009494781	-0.05602790787816048	0.12086933106184006	0.08416254073381424	0.06596168875694275	-0.18719324469566345	-0.169647678732872	0.02988503873348236	0.1235053762793541	-0.03525629639625549	-0.03386708348989487	0.08766400814056396	0.036221444606781006	0.1059277206659317	-0.24114884436130524	-0.06868961453437805	-0.04091975837945938	-0.07121739536523819	-0.15742246806621552	-0.22172975540161133	0.09202408790588379	-0.122610904276371	-0.13603408634662628	-0.18495823442935944	-0.050325073301792145	-0.09154314547777176	-0.07929988205432892	-0.1920509785413742	-0.0586787648499012	0.05026823654770851	-0.011899827979505062	0.13011008501052856	-0.04496278241276741	0.17610906064510345	-0.06750758737325668	0.04213237389922142	0.004425538703799248	-0.11283279210329056	-0.12821561098098755	-0.11722125113010406	-0.03445763513445854	-0.03169110044836998	0.20320677757263184	-0.12774454057216644	-0.18210236728191376	-0.05290555581450462	0.0795711949467659	0.20092184841632843	-0.07999290525913239	-0.08249892294406891	-0.12236279994249344	0.22855812311172485	0.01039770059287548	-0.08750085532665253	0.18554067611694336	-0.16519294679164886	-0.11974908411502838	-0.11354189366102219	0.057252682745456696	-0.03459927439689636	-0.20562884211540222	0.0018912507221102715	0.05448044836521149	-0.054815907031297684	0.09794751554727554	0.030615681782364845	-0.06180904805660248	0.12117861211299896	-0.10025236755609512	-0.09266972541809082	0.13183826208114624	-0.0026841124054044485	0.11222872138023376	-0.07299403101205826	-0.08806271106004715	-0.058624595403671265	-0.04523017629981041	-0.22385849058628082	0.10764908045530319	0.10699587315320969	-0.013169742189347744	0.039000753313302994	-0.010487956926226616	-0.06306300312280655	-0.008751112036406994	0.05727626755833626	-0.030391039326786995	-0.08247469365596771	-0.0764351636171341	-0.0185743048787117	-0.0697842463850975	-0.10149702429771423	-0.05772120878100395	-0.06621254980564117	-0.0661122053861618	0.050976578146219254	-0.1492747664451599
http://www.semanticweb.org/eNOVATION-ontology#isCapacityOf	-0.20153971016407013	-0.21628321707248688	0.08366211503744125	0.05156716704368591	0.08506447821855545	0.1902930736541748	-0.0685192197561264	-0.10196094959974289	0.0864591896533966	0.006475671194493771	-0.017199905589222908	-0.048935141414403915	-0.04089060053229332	-0.1087869256734848	0.11288280785083771	-0.06427989900112152	0.12605535984039307	-0.09856686741113663	0.06335903704166412	-0.11266253888607025	0.0992666482925415	0.07092862576246262	0.01697639934718609	0.15895579755306244	0.07824680954217911	0.1353592723608017	0.007039489224553108	-0.18475262820720673	-0.07144515216350555	0.032937806099653244	-0.09014502912759781	0.0590842068195343	0.046570390462875366	0.07147752493619919	0.02862532250583172	0.10036706924438477	-0.08397770673036575	0.16239897906780243	-0.0605369471013546	0.024795938283205032	0.12031306326389313	-0.12218353152275085	0.15142802894115448	-0.16775844991207123	0.04306238889694214	0.11197274178266525	0.10446822643280029	0.14051453769207	-0.07704606652259827	-0.00662465114146471	-0.09956899285316467	-0.22076016664505005	-0.10768217593431473	-0.0606096088886261	0.03129497915506363	-0.02860846370458603	-0.13311952352523804	-0.10730329900979996	0.14222177863121033	-0.010592649690806866	0.1318027228116989	-0.06517237424850464	-0.03785567358136177	-0.09246520698070526	-0.09752142429351807	-0.00348156807012856	-0.008535247296094894	-0.09297560155391693	0.13848549127578735	-0.07968875765800476	-0.13969235122203827	-0.1749187856912613	0.1539449691772461	-0.08854003995656967	-0.09309856593608856	0.05346396192908287	-0.008277048356831074	0.014973839744925499	-0.03847396746277809	-0.06000131741166115	0.033350151032209396	0.10914264619350433	0.05062547326087952	-0.017363879829645157	-0.07563610374927521	-0.09225079417228699	0.052842121571302414	0.03032553195953369	0.21068568527698517	-0.1369979977607727	0.03645222634077072	-0.15923148393630981	-0.06378423422574997	-0.05026157572865486	0.009382437914609909	-0.03518816456198692	-0.029552185907959938	0.13722248375415802	-0.17191193997859955	0.1826183795928955
http://www.semanticweb.org/eNOVATION-ontology#isCertificateGrantedFor	0.08725348114967346	-0.08331111073493958	0.0568387396633625	-0.018125513568520546	0.09269781410694122	-0.206869974732399	0.1651962250471115	0.07763033360242844	-0.17331044375896454	0.1357525885105133	0.10023424029350281	0.09051427990198135	-0.11256248503923416	-0.1842336803674698	0.08439714461565018	-0.11316369473934174	0.14396575093269348	0.08244328200817108	-0.2479807287454605	-0.0965183898806572	-0.1000792384147644	0.06754297763109207	0.18690158426761627	-0.18437375128269196	-0.12674207985401154	0.13330315053462982	0.15029309689998627	0.07531773298978806	-0.15162022411823273	-0.11956252157688141	-0.09952403604984283	0.1528894603252411	-0.1686624139547348	-0.020842207595705986	0.13258448243141174	-0.12587542831897736	-0.2349458634853363	0.09095478057861328	-0.09045053273439407	0.09009002894163132	-0.12804898619651794	-0.05692184343934059	0.048921532928943634	-0.005585945211350918	0.08439340442419052	0.11204928904771805	0.07974309474229813	-0.14063292741775513	-0.12054760754108429	-0.12887929379940033	-0.008691067807376385	-0.11737068742513657	0.0615653321146965	-0.10525931417942047	0.06375489383935928	0.1826591193675995	0.08640868216753006	-0.12101586908102036	0.23360779881477356	0.18238700926303864	0.24340324103832245	0.17094451189041138	-0.11985854804515839	0.03601997345685959	0.12866753339767456	-0.1752767115831375	0.032806966453790665	-0.1208110898733139	-0.2704951763153076	0.046019114553928375	-0.0034483482595533133	-0.12993329763412476	-0.05227972939610481	0.09390980750322342	0.06582944095134735	-0.0984267070889473	0.04786596819758415	0.0706821084022522	-0.07732096314430237	0.10426367819309235	-0.016330048441886902	-0.0596928708255291	0.15802544355392456	-0.10579653084278107	0.11078725755214691	0.16905651986598969	-0.15073826909065247	-0.11113355308771133	-0.06099620833992958	-0.1277758926153183	0.08954808115959167	0.11875706166028976	-0.14101429283618927	0.01875458098948002	0.10678007453680038	-0.0397370271384716	0.23652619123458862	0.13390126824378967	-0.08072329312562943	0.00918250810354948
http://www.semanticweb.org/eNOVATION-ontology#isCertificateIssuedBy	0.028596803545951843	-0.13659730553627014	-0.24312418699264526	0.19703879952430725	-0.13744856417179108	0.07770609855651855	-0.16925719380378723	0.04307083040475845	-0.0025094556622207165	-0.021700378507375717	0.0872480571269989	-0.028208650648593903	-0.052219077944755554	0.0470992736518383	-0.07469858974218369	-0.18966972827911377	-0.06314191222190857	0.038301389664411545	-0.043395157903432846	0.1105261817574501	0.07319793850183487	0.2707371115684509	0.13583645224571228	-0.12373355031013489	0.015811441466212273	-0.07963719218969345	0.08458423614501953	0.10765095055103302	-0.0594053640961647	-0.18691685795783997	-0.09591659158468246	0.16956102848052979	-0.061580076813697815	-0.03269309923052788	-0.07567757368087769	0.14377647638320923	-0.20393183827400208	-0.051803864538669586	-0.06145539507269859	-0.046285778284072876	-0.014312642626464367	-0.03577830269932747	-0.09094728529453278	0.12000138312578201	-0.07898677885532379	0.07881089299917221	-0.14847105741500854	-0.11795607209205627	-0.13219022750854492	-0.1377418041229248	-0.04986584931612015	-0.06507283449172974	0.1710192710161209	0.02999126724898815	-0.06364257633686066	0.0799516811966896	-0.04164808988571167	0.17738091945648193	0.05386780574917793	0.022298527881503105	0.09882654994726181	-0.11697729676961899	-0.11640074104070663	-0.12762725353240967	-0.03115871734917164	-0.10741088539361954	-0.15380053222179413	0.14340242743492126	-0.06472495943307877	0.058352451771497726	-0.07780808955430984	0.1417466104030609	0.13423801958560944	-0.1627039909362793	-0.09746425598859787	-0.023299744352698326	0.11915414780378342	-0.005667724646627903	-0.04230809956789017	0.13451749086380005	0.1586962640285492	0.10817704349756241	-0.10404019802808762	-0.028500996530056	0.22831304371356964	-0.14634853601455688	-0.10047072917222977	-0.03792250528931618	0.07464048266410828	0.03464757278561592	0.06547538191080093	-0.20685331523418427	0.13360416889190674	-0.0967174544930458	-0.11004146188497543	-0.06655840575695038	0.09746602177619934	-0.0775143951177597	0.048134010285139084	0.07117793709039688
http://www.semanticweb.org/eNOVATION-ontology#isDecomMethodEmployedBy	-0.06809093058109283	-0.15945839881896973	0.04633009061217308	0.10358459502458572	0.18642961978912354	0.11643721908330917	0.14462043344974518	-0.1646185666322708	-0.06651338934898376	0.08988627046346664	-0.09582483768463135	0.08671357482671738	-0.12410227954387665	-0.011744375340640545	-0.14469772577285767	0.0075716678984463215	-0.11301569640636444	-0.04820255562663078	0.008091605268418789	0.09218844026327133	0.06095137819647789	0.09692809730768204	0.274330735206604	0.06864554435014725	0.031557030975818634	-0.13682697713375092	-0.059079140424728394	0.14322640001773834	-0.24384504556655884	-0.23233886063098907	-0.07840427756309509	-0.018936606124043465	-0.15577980875968933	0.07667146623134613	0.09577967971563339	-0.08713016659021378	-0.0739089623093605	-0.14806316792964935	0.11146369576454163	-0.0733814537525177	0.07287632673978806	0.04609202593564987	-0.10232920944690704	-0.07803766429424286	-0.016540100798010826	-0.04437632858753204	-0.1399649977684021	0.056644607335329056	0.1600467562675476	-0.2333030253648758	0.09959827363491058	-0.1647590547800064	0.0037721802946180105	-0.10807828605175018	-0.2512836158275604	-0.013268514536321163	-0.030774859711527824	-0.13554517924785614	0.1330597996711731	-0.12319370359182358	0.0862755998969078	-0.049944691359996796	-0.058776795864105225	-0.09191780537366867	-0.19785767793655396	-0.17633983492851257	-0.06719084084033966	0.08887845277786255	0.11774686723947525	-0.011810347437858582	0.25304582715034485	0.0658317357301712	0.038033485412597656	-0.18770761787891388	0.13417983055114746	0.08378823846578598	0.13840708136558533	-0.03673053905367851	0.14154842495918274	-0.01991894096136093	-0.026448018848896027	0.05341866984963417	0.18356181681156158	0.12981928884983063	0.10530025511980057	0.09898070991039276	-0.016149187460541725	-0.10069595277309418	-0.07693296670913696	0.16241440176963806	-0.11843282729387283	-0.07274749130010605	0.1285589635372162	0.08416696637868881	0.08616659790277481	-0.03924492001533508	-0.052784718573093414	-0.1574162095785141	0.007102074567228556	-0.16021570563316345
http://www.semanticweb.org/eNOVATION-ontology#isDomainOfUseOf	-0.1284981220960617	0.061507463455200195	0.20046530663967133	0.19598251581192017	-0.061119481921195984	-0.12710066139698029	0.0926143005490303	0.1672806590795517	0.14896529912948608	0.0677468478679657	-0.05792640522122383	-0.11905258893966675	-0.11156363785266876	-0.12650367617607117	-0.1073814406991005	0.10315568000078201	0.25472256541252136	-0.12226428836584091	0.12272423505783081	-0.10988572984933853	0.19269409775733948	-0.09484865516424179	0.01864779368042946	-0.10019902884960175	0.11856234073638916	0.11042996495962143	-0.12821008265018463	0.049916528165340424	-0.0832260325551033	-0.05203483626246452	-0.11001823097467422	-0.21986927092075348	0.09757550805807114	-0.18691007792949677	0.03930148482322693	-0.17761991918087006	-0.14557340741157532	0.18541452288627625	0.2070576399564743	-0.05212607607245445	-0.03373699635267258	0.06990061700344086	0.22758744657039642	0.13269279897212982	0.11744805425405502	-0.018257927149534225	0.22152213752269745	0.05591139197349548	0.11864511668682098	0.12739333510398865	0.22106872498989105	0.016661688685417175	0.10760275274515152	0.010248597711324692	-0.06064055114984512	0.05410483852028847	0.13237568736076355	0.14485564827919006	0.07740583270788193	-0.11380116641521454	-0.10764337331056595	0.1206909567117691	0.09111285954713821	-0.21058429777622223	-0.04706665128469467	-0.0037268479354679585	-0.03053201176226139	-0.14707063138484955	0.021624570712447166	0.08613766729831696	-0.15112407505512238	-0.057460278272628784	0.05634530633687973	0.07180362194776535	-0.05494692176580429	-0.1349433958530426	0.15174300968647003	0.07002503424882889	-0.03035281039774418	-0.1486324518918991	-0.0075796497985720634	-0.0184163935482502	0.020683960989117622	0.10221150517463684	-0.2660065293312073	0.051134444773197174	-0.029714783653616905	-0.049373652786016464	-0.09433716535568237	-0.13652847707271576	0.15018582344055176	-0.040216755121946335	0.01484418660402298	0.16381125152111053	-0.10250505059957504	-0.16695988178253174	-0.2043258547782898	-0.18641458451747894	0.217213436961174	-0.006967897526919842
http://www.semanticweb.org/eNOVATION-ontology#isEquipmentOf	-0.041004255414009094	0.13087713718414307	0.052158646285533905	-0.06321566551923752	0.039698582142591476	-0.09666986763477325	0.05970359221100807	-0.02847346104681492	0.050498735159635544	-0.1810983419418335	-0.14247292280197144	-0.09914857894182205	0.02474091574549675	0.14783282577991486	-0.014448396861553192	-0.0069358148612082005	0.04771396517753601	0.028769737109541893	-0.08708370476961136	0.12639331817626953	0.10609693825244904	-0.02328316494822502	0.12019310146570206	-0.04218081384897232	-0.06460169702768326	0.12682822346687317	0.11523111909627914	-0.05028951168060303	-0.19255821406841278	-0.027396392077207565	-0.14943961799144745	-0.03979033604264259	-0.017976725473999977	-0.011496796272695065	0.05208395794034004	0.09591861069202423	0.04719791188836098	0.07328585535287857	-0.0009841072605922818	0.10858951508998871	0.0031418767757713795	0.1477346569299698	-0.010628493502736092	0.03427966311573982	0.013850369490683079	-0.030462462455034256	-0.010586854070425034	0.1077091246843338	0.2006833404302597	0.028928183019161224	-0.047733183950185776	0.18599258363246918	-0.2190456986427307	0.24227407574653625	0.1232602521777153	-0.002160680713132024	-0.02095819264650345	-0.16637326776981354	0.08324399590492249	-0.08369461447000504	0.05019420385360718	-0.013392211869359016	0.07462625205516815	0.15337570011615753	-0.1636427789926529	0.012704956345260143	0.03454473614692688	0.07884370535612106	0.013828976079821587	-0.027787964791059494	-0.21056437492370605	-0.15756261348724365	0.035835787653923035	-0.017713766545057297	0.011135374195873737	0.010591620579361916	0.09013297408819199	-0.03479447960853577	-0.08182231336832047	-0.1841745525598526	-0.08395852148532867	0.10727061331272125	-0.07390627264976501	0.023566195741295815	-0.0549829937517643	0.06552369892597198	0.16957572102546692	0.017565341666340828	0.07082746177911758	-0.0017226056661456823	-0.033530112355947495	-0.21369652450084686	0.1443505436182022	0.15055273473262787	0.13971593976020813	0.046025656163692474	0.034088149666786194	-0.04689132422208786	-0.026784313842654228	-0.23275403678417206
http://www.semanticweb.org/eNOVATION-ontology#isEvaluationMethodUsedBy	0.03710746392607689	-0.07593180984258652	0.0070973667316138744	-0.19896970689296722	-0.01967087760567665	-0.0523381270468235	0.19814357161521912	-0.0653960332274437	0.1989014893770218	-0.2773624360561371	-0.06956494599580765	0.07814157754182816	-0.2102041393518448	0.07885251939296722	0.021315930411219597	-0.16416147351264954	0.1569550782442093	0.04099474102258682	-0.1536450833082199	0.037061482667922974	0.0008060729596763849	0.14597909152507782	-0.04714936017990112	0.15569210052490234	-0.27989038825035095	0.19760794937610626	0.07126127183437347	-0.08240825682878494	0.06365031749010086	0.05020783096551895	-0.18600456416606903	-0.20531035959720612	-0.016844555735588074	0.13704814016819	0.15447784960269928	-0.08471828699111938	0.011118978261947632	-0.17205914855003357	0.07059559226036072	0.06131009757518768	-0.09159653633832932	-0.16467024385929108	-0.1441144496202469	-0.13210062682628632	0.06311333179473877	-0.11183519661426544	-0.18187430500984192	0.1275453269481659	-0.0500093549489975	0.0963602066040039	0.07840770483016968	-0.23140624165534973	-0.2023381143808365	0.006020735949277878	-0.15540067851543427	0.01292907353490591	-0.13100169599056244	0.15689197182655334	-0.1280851513147354	0.08068603277206421	0.06488440185785294	-0.16865329444408417	0.08518854528665543	0.13006679713726044	0.20632311701774597	0.041688572615385056	-0.07070799171924591	0.06957743316888809	0.09382840245962143	-0.12365539371967316	0.0700569823384285	0.17402571439743042	0.0017030981834977865	-0.13895465433597565	-0.11764678359031677	-0.0214903075248003	0.022279461845755577	-0.12314319610595703	0.11405059695243835	0.13640204071998596	-0.09943976253271103	-0.030129345133900642	-0.07304374128580093	-0.11753715574741364	-0.032569143921136856	0.16454139351844788	0.1020936518907547	0.19884201884269714	0.1961064636707306	0.10915058106184006	0.14037379622459412	-0.14957350492477417	-0.04544680565595627	-0.028343116864562035	-0.07629978656768799	-0.10496103018522263	0.12131596356630325	-0.0015512076206505299	0.0476946085691452	-0.127894788980484
http://www.semanticweb.org/eNOVATION-ontology#isExerciseEvaluationOf	-0.1751004308462143	0.19230109453201294	0.10050463676452637	0.0748395174741745	-0.08447273820638657	-0.14492696523666382	-0.21051868796348572	-0.038063522428274155	0.012384812347590923	0.13920101523399353	0.19735375046730042	-0.09121429920196533	0.042287811636924744	0.11589235067367554	-0.05081644281744957	-0.06929533183574677	0.03734765574336052	0.04020141437649727	0.057468779385089874	0.23644353449344635	-0.09958845376968384	0.012994952499866486	0.0012986937072128057	0.07377789914608002	0.1057634949684143	-0.12054235488176346	-0.09833469241857529	-0.029144277796149254	-0.1392872929573059	-0.1113588809967041	-0.057919446378946304	0.04793236777186394	-0.018357185646891594	0.160216823220253	0.019516710191965103	0.08976718783378601	0.12409263849258423	-0.09023606777191162	-0.05120598152279854	0.10979975014925003	-0.17832966148853302	-0.10052095353603363	-0.048426441848278046	-0.09134385734796524	0.06192312762141228	0.2474938929080963	0.028015796095132828	-0.1932631880044937	0.02049802802503109	-0.034356970340013504	-0.10357888787984848	-0.06285705417394638	-0.20619626343250275	0.12404829263687134	-0.03723572939634323	0.0387924462556839	-0.05827004089951515	-0.19634273648262024	0.15818198025226593	0.154998317360878	-0.1221536323428154	-0.05010571330785751	0.04697249457240105	-0.02017590031027794	0.06880418211221695	0.08397378027439117	0.03865409269928932	-0.00785350613296032	-0.11989666521549225	0.13486668467521667	0.16162025928497314	0.1775771975517273	0.04996286332607269	-0.009346291422843933	0.04991982504725456	0.07911044359207153	0.07060558348894119	-0.017890961840748787	0.06346721947193146	-0.029758350923657417	0.17661288380622864	-0.09097491949796677	0.06831276416778564	-0.13821735978126526	0.03427738696336746	-0.10122606158256531	0.17550645768642426	0.09704624861478806	0.12794162333011627	-0.15827785432338715	0.023049533367156982	0.09462352097034454	0.11100663989782333	0.15806402266025543	-0.004302932880818844	0.12716364860534668	-0.19017834961414337	-0.053556255996227264	-0.06359317898750305	0.14395782351493835
http://www.semanticweb.org/eNOVATION-ontology#isExerciseOrganizedBy	0.1263946294784546	0.09772419184446335	0.05291127786040306	0.10113982856273651	-0.07038417458534241	0.046431224793195724	0.14845767617225647	0.006540162023156881	-0.08080515265464783	0.11380515247583389	-0.24028551578521729	-0.1862189620733261	-0.08918667584657669	-0.07328010350465775	0.01409797091037035	0.13253377377986908	0.03999117389321327	-0.1285010427236557	0.04933683201670647	-0.01702798157930374	0.1412823498249054	0.09099974483251572	0.0932367667555809	-0.07807810604572296	-0.14824150502681732	0.1393880695104599	0.005424208473414183	0.057781510055065155	0.15607528388500214	0.0958828553557396	0.08346303552389145	0.04436108097434044	-0.08364222943782806	-0.03821536526083946	0.029216498136520386	0.2115664929151535	-0.2077634483575821	0.12963318824768066	0.08902240544557571	-0.02258400432765484	0.11303417384624481	0.12570489943027496	-0.05103317275643349	-0.04667007178068161	0.024044157937169075	-0.12855586409568787	0.0644126757979393	-0.02841556817293167	-0.05355381220579147	-0.1556539535522461	0.22884444892406464	-0.02946564555168152	0.027895642444491386	0.06747081130743027	0.2787024974822998	0.03772755712270737	0.20427750051021576	0.15184542536735535	0.023951174691319466	-0.08098660409450531	0.12086103111505508	-0.17506170272827148	0.022984657436609268	0.1814325749874115	-0.0365515761077404	-0.09214853495359421	0.13731132447719574	-0.08636590838432312	0.024258168414235115	0.1877145767211914	0.02705545350909233	-0.15490271151065826	-0.06191577762365341	-0.09961911290884018	-0.06401368230581284	-0.11902529746294022	0.018729837611317635	-0.0967199057340622	0.2434459775686264	-0.08724692463874817	0.12816546857357025	0.13358694314956665	0.0171786081045866	-0.07806055247783661	0.04582138732075691	0.08868718892335892	-0.06335384398698807	-0.04700208455324173	0.12395159900188446	0.11105391383171082	0.1119300052523613	-0.09031881392002106	-0.22829073667526245	-0.1778622716665268	0.10703955590724945	0.053637661039829254	-0.2359713315963745	0.020666813477873802	-0.23372434079647064	-0.03095194883644581
http://www.semanticweb.org/eNOVATION-ontology#isExercisePhaseOf	0.08230194449424744	0.16219718754291534	0.05212781950831413	0.0886557400226593	0.031491272151470184	0.07525839656591415	0.08228305727243423	-0.09741923213005066	-0.0934615284204483	0.1467532068490982	0.12504403293132782	-0.029192497953772545	0.2085670679807663	-0.07724983245134354	-0.1394292712211609	0.16002459824085236	-0.0742359384894371	0.10289805382490158	-0.09767287224531174	0.045682068914175034	-0.19070692360401154	0.00039579521398991346	0.12376359850168228	-0.2146802842617035	0.013708599843084812	-0.12285734713077545	-0.169667050242424	0.07894391566514969	0.06562674045562744	0.05041136592626572	-0.12252269685268402	0.1065211072564125	-0.19264623522758484	0.06996623426675797	-0.09986160695552826	0.16052654385566711	0.16114328801631927	0.20963679254055023	-0.1405983418226242	0.014821715652942657	-0.22544527053833008	-0.09524957090616226	0.11256109923124313	-0.16799446940422058	-0.02808820642530918	0.03567998856306076	0.04827660694718361	0.025277607142925262	-0.04907621443271637	-0.052752405405044556	0.05428972467780113	0.12468662858009338	0.1268366575241089	0.057007014751434326	0.07726696878671646	0.03024367056787014	0.08980216085910797	0.1094130426645279	0.09189296513795853	0.011792799457907677	0.0114493602886796	-0.17066141963005066	-0.08898250758647919	-0.1701631247997284	-0.13519495725631714	0.22444279491901398	-0.012614874169230461	0.24174244701862335	-0.17200133204460144	-0.1706365942955017	0.16129641234874725	0.14554350078105927	-0.08451566100120544	-0.027892697602510452	-0.06753937155008316	0.22965942323207855	0.08097580820322037	-0.06804896146059036	0.08460696041584015	-0.10231620073318481	0.11904552578926086	-0.20241504907608032	-0.2042180597782135	-0.17243467271327972	0.1596609503030777	-0.0821627825498581	0.18719342350959778	0.1385171264410019	0.015098681673407555	-0.07431697845458984	0.1420983374118805	0.1965237259864807	0.04729161411523819	0.21608026325702667	-0.09011998772621155	-0.014001541770994663	0.07582757622003555	-0.043967004865407944	0.20223936438560486	-0.0973454937338829
http://www.semanticweb.org/eNOVATION-ontology#isExtraCapabilityOf	0.054619479924440384	-0.005931166931986809	0.12065445631742477	-0.0834244042634964	0.1482028365135193	-0.14546748995780945	-0.14194256067276	-0.08430970460176468	0.11622130870819092	0.15161223709583282	0.0662115216255188	-0.25341394543647766	-0.17534808814525604	0.08878260850906372	-0.10118724405765533	-0.1565811038017273	0.031048234552145004	0.2050962597131729	-0.05176730453968048	-0.006142555270344019	-0.08838269114494324	-0.08728408813476562	0.27850592136383057	-0.09796412289142609	0.02318240888416767	-0.02260596863925457	-0.12674200534820557	0.050896238535642624	0.0180829968303442	0.1617622822523117	0.039503999054431915	-0.08238162100315094	-0.2026967704296112	-0.002117588184773922	0.05072104185819626	-0.07807774096727371	-0.1001647487282753	-0.12180043756961823	0.09252375364303589	-0.07139188796281815	0.14663192629814148	-0.02194507233798504	0.03931695967912674	0.026113752275705338	-0.027370896190404892	-0.1301247626543045	0.07580197602510452	0.15234194695949554	0.13943305611610413	-0.1619364619255066	0.0150374760851264	0.07756789773702621	-0.013990805484354496	-0.038989901542663574	0.22195063531398773	0.08227948844432831	0.03187842667102814	0.10716535151004791	0.033257365226745605	-0.03317602351307869	-0.09135712683200836	0.09141432493925095	0.10023834556341171	0.10622531920671463	-0.05012468248605728	0.124858058989048	0.10085346549749374	-0.08727186173200607	-0.11053244024515152	-0.00486015435308218	-0.0016944617964327335	-0.1420159637928009	-0.19445957243442535	-0.16288360953330994	-0.003593139350414276	-0.10578377544879913	-0.057902585715055466	-0.2093665450811386	-0.08809516578912735	0.006134898401796818	-0.07461514323949814	0.12475191056728363	-0.15236984193325043	0.038002680987119675	-0.08711495995521545	-0.07633776217699051	-0.16922380030155182	-0.03483930230140686	0.1362476646900177	0.07250159233808517	0.10733547806739807	0.03476741164922714	-0.06738179922103882	-0.013996892608702183	-0.13440875709056854	0.05643422529101372	0.10573176294565201	0.03446590155363083	-0.06438753753900528	-0.1151265874505043
http://www.semanticweb.org/eNOVATION-ontology#isFacilityOf	-0.24419432878494263	0.12488462030887604	-0.039757419377565384	0.03391294926404953	-0.1966528445482254	0.04418470710515976	-0.08063583076000214	0.16074270009994507	0.08759656548500061	0.10582061856985092	-0.1343039572238922	-0.12474637478590012	-0.18559186160564423	-0.1269340217113495	-0.08204051852226257	0.039466917514801025	0.10976393520832062	-0.0608898401260376	0.11967499554157257	-0.10502053797245026	0.11853169649839401	-0.053904928267002106	0.21522198617458344	0.02928173542022705	0.10184832662343979	0.12848787009716034	-0.13217024505138397	0.02678234502673149	-0.16859731078147888	-0.09996384382247925	-0.036304716020822525	0.09910839051008224	-0.00041176335071213543	0.250974178314209	0.05633122846484184	0.24960175156593323	-0.06071848422288895	-0.041035767644643784	0.032462459057569504	0.13624852895736694	-0.03808930143713951	-0.07793629169464111	0.21069049835205078	0.15766358375549316	-0.10148891806602478	-0.01643209345638752	0.144107848405838	0.03460870683193207	0.07355257123708725	0.08973267674446106	-0.07654020190238953	0.16405156254768372	0.019218526780605316	0.20723232626914978	0.12505698204040527	-0.05450589954853058	0.01525930780917406	0.05344831570982933	-0.052342530339956284	0.05611785128712654	0.051675956696271896	0.05618012323975563	-0.16029931604862213	0.12124624103307724	-0.09349079430103302	-0.11460224539041519	-0.23988911509513855	0.00985877588391304	0.05130638927221298	-0.2308351844549179	0.057319626212120056	0.1218022033572197	0.050771962851285934	0.07754544168710709	0.02704230695962906	0.1300209015607834	0.16225191950798035	0.04903281480073929	0.045548632740974426	0.19704054296016693	0.04902494698762894	0.08618299663066864	-0.14447905123233795	0.08520194888114929	0.21301817893981934	0.02607511170208454	-0.12800119817256927	-0.035874322056770325	-0.06395745277404785	0.17843766510486603	0.0743388906121254	0.036547377705574036	-0.2062700390815735	0.09843823313713074	-0.14220678806304932	-0.03397268056869507	0.003685707924887538	-0.003293435787782073	-0.11913864314556122	0.017436927184462547
http://www.semanticweb.org/eNOVATION-ontology#isIncidentBasisFor	-0.03486941009759903	-0.1301768720149994	-0.02445865049958229	0.03686074540019035	0.12395506352186203	0.03992106765508652	-0.11293607950210571	0.11776445060968399	0.14199234545230865	-0.18034008145332336	-0.10701674222946167	-0.13326159119606018	-0.16574715077877045	0.09272892773151398	-0.10004027932882309	0.03699912130832672	0.051602721214294434	-0.03379767760634422	-0.015090905129909515	0.015863802284002304	-0.029834477230906487	0.22491545975208282	0.18340528011322021	0.21708433330059052	0.035804904997348785	-0.11504045873880386	0.1557970494031906	0.07576204836368561	0.037603411823511124	-0.15624968707561493	0.21749457716941833	0.07183113694190979	-0.09324976056814194	-0.12802501022815704	0.11476532369852066	-0.07667091488838196	-0.03646291419863701	-0.00813157670199871	0.1328824758529663	-0.18447040021419525	0.08499725908041	0.035600241273641586	0.07585851848125458	-0.03224405646324158	-0.08037883788347244	-0.1750054806470871	0.09309107065200806	-0.06996262073516846	0.1525828242301941	-0.10174734145402908	-0.20376485586166382	0.05813038721680641	0.06728321313858032	0.01945536956191063	-0.20726443827152252	-0.0181881096214056	0.08846959471702576	0.004886288661509752	0.21066465973854065	0.09378616511821747	0.08841497451066971	-0.09490630775690079	0.11029346287250519	0.17986562848091125	0.08410026133060455	0.15089139342308044	0.20015886425971985	0.03747444972395897	-0.07404971122741699	-0.014721468091011047	-0.0075759622268378735	0.08132247626781464	-0.05663010850548744	-0.0723530724644661	0.17002923786640167	-0.15302494168281555	0.1001090481877327	0.11074960976839066	0.11071701347827911	-0.012116790749132633	-0.03168278560042381	-0.11995735764503479	-0.09688608348369598	-0.04329640418291092	-0.01972224749624729	0.08041350543498993	-0.013854173943400383	0.26126885414123535	0.10066335648298264	0.08193537592887878	0.03851715475320816	0.21742862462997437	0.048329658806324005	0.21478255093097687	-0.05887455865740776	-0.03437897562980652	0.10694610327482224	0.0034844097681343555	-0.04848400875926018	0.09801602363586426
http://www.semanticweb.org/eNOVATION-ontology#isIncidentTackledBy	-0.1426958441734314	0.0826973021030426	-0.025470159947872162	0.21085214614868164	-0.1192282885313034	0.02508830651640892	-0.044098999351263046	-0.21942494809627533	-0.09697680175304413	0.08757106214761734	-0.25769177079200745	-0.17225348949432373	0.03656448423862457	-0.05616214498877525	0.016687575727701187	-0.10023459792137146	0.03257681429386139	0.11647231131792068	-0.04080447182059288	-0.1927497386932373	-0.07470086961984634	-0.0008915823418647051	-0.046203263103961945	0.06188133358955383	-0.1049187034368515	-0.0056995521299541	0.005117604974657297	0.06166132912039757	-0.06997900456190109	-0.0709758996963501	-0.10895632207393646	-0.04512563347816467	0.1379566192626953	0.13384708762168884	-0.0006734284688718617	-0.08010880649089813	-0.1533002257347107	-0.021498458459973335	0.15780629217624664	0.03235635533928871	-0.14585280418395996	-0.18890507519245148	0.13287511467933655	-0.10390420258045197	0.21248237788677216	-0.024467647075653076	-0.19517353177070618	0.05627794191241264	-0.01954091526567936	-0.06853510439395905	0.00216516200453043	0.11907730251550674	-0.14724768698215485	0.03606102988123894	-0.0355309396982193	-0.09065127372741699	-0.0075716739520430565	-0.08743010461330414	0.17247001826763153	-0.09356091916561127	0.18623138964176178	0.05811402201652527	-0.1346355527639389	-0.06997882574796677	0.06662090867757797	-0.09299644827842712	-0.05992728844285011	0.13112232089042664	0.07539106160402298	-0.04578055068850517	0.09609613567590714	0.10592089593410492	-0.018599705770611763	0.04500709846615791	-0.10852669179439545	-0.19290001690387726	-0.04446008428931236	0.013347644358873367	-0.0782243087887764	-0.09717889875173569	0.10009265691041946	0.03474321961402893	-0.12359191477298737	0.15015950798988342	0.2054799199104309	-0.029888173565268517	-0.04425247758626938	-0.14689236879348755	0.15071514248847961	0.17268775403499603	-0.06147853285074234	0.09244231134653091	-0.006973407696932554	0.08309370279312134	0.005225020460784435	0.13126912713050842	0.03926805034279823	0.0707380548119545	-0.12379893660545349	-0.07956402003765106
http://www.semanticweb.org/eNOVATION-ontology#isNetworkConnectedTo	0.031346045434474945	-0.109227254986763	-0.22651295363903046	0.12020564824342728	-0.10872188210487366	-0.05279078334569931	-0.08113019913434982	-0.26263150572776794	0.19642066955566406	-0.134099543094635	-0.02025962434709072	-0.1483427882194519	-0.1495605856180191	0.10599951446056366	-0.1636931598186493	0.18334710597991943	-0.006948875728994608	0.08562300354242325	0.07295939326286316	-0.08057388663291931	0.25416433811187744	-0.07756277173757553	0.0943991094827652	0.0640374943614006	-0.004627971909940243	-0.027126118540763855	-0.023846331983804703	-0.14639237523078918	-0.1026809811592102	0.09280750900506973	0.15925084054470062	-0.111754409968853	-0.1540285050868988	0.250967413187027	0.004841920454055071	0.09975709766149521	-0.19554848968982697	0.13267390429973602	0.1619979739189148	0.06326836347579956	-0.1419200450181961	-0.08300957828760147	0.1551981270313263	0.08998896926641464	0.01898585818707943	-0.05094101279973984	-0.05880298838019371	-0.1290668249130249	-0.036324478685855865	-0.030552569776773453	-0.07393085956573486	0.1020316556096077	-0.053230058401823044	-0.03131360560655594	0.08278749138116837	-0.0047342535108327866	0.10672681033611298	-0.05562818795442581	0.030270300805568695	0.05742647871375084	0.04478256031870842	-0.2416776716709137	-0.18010357022285461	-0.0706757977604866	0.15707692503929138	-0.018172716721892357	-0.09555735439062119	-0.13906435668468475	0.17199580371379852	0.06390146911144257	-0.11048717796802521	0.06062604859471321	-0.19857262074947357	-0.21884426474571228	-0.11424367874860764	-0.2201908528804779	-0.0413157157599926	0.19454531371593475	-0.04284272715449333	-0.05503067374229431	-0.00648080836981535	0.17122627794742584	-0.1918671727180481	0.20575769245624542	0.13178977370262146	-0.03389750048518181	-0.13625077903270721	-0.20847763121128082	0.04091273248195648	0.037016019225120544	-0.1987065076828003	0.13649927079677582	-0.011927306652069092	0.005917728412896395	-0.13135699927806854	0.10762188583612442	-0.0004139423544984311	-0.12434173375368118	-0.04251600429415703	-0.20731954276561737
http://www.semanticweb.org/eNOVATION-ontology#isOrganizationalStaffRoleOf	0.12746775150299072	0.148559108376503	0.04976090043783188	0.1495039463043213	-0.09787559509277344	0.013925600796937943	0.10547351837158203	0.019876040518283844	0.1430167257785797	-0.04966692999005318	-0.07658389955759048	-0.009617798030376434	-0.15489564836025238	-0.08222801983356476	0.07864958792924881	0.007001212332397699	-0.028308838605880737	-0.06200551986694336	-0.1533437818288803	-0.049705732613801956	-0.14908528327941895	-0.014356221072375774	-0.05996435508131981	0.16906225681304932	0.019623015075922012	-0.15416637063026428	0.12701557576656342	-0.035180091857910156	-0.0486939400434494	-0.15191558003425598	0.02682429738342762	-0.11718018352985382	0.09180104732513428	-0.03957358002662659	0.0580667145550251	-0.15650597214698792	-0.19491049647331238	0.10593254119157791	0.17419293522834778	-0.09337762743234634	-0.16494649648666382	0.09740174561738968	0.0947486162185669	-0.034101519733667374	-0.08695528656244278	-0.11258101463317871	0.13250352442264557	-0.09281282126903534	0.08948879688978195	0.054405227303504944	0.08692281693220139	-0.17302508652210236	-0.09073454141616821	0.10482103377580643	0.008089037612080574	0.11085984855890274	0.17407594621181488	0.14759010076522827	-0.08163773268461227	0.09633135795593262	0.1004817932844162	0.16865673661231995	-0.050029147416353226	0.14132751524448395	-0.15760259330272675	0.10593702644109726	-0.044289298355579376	0.1254620999097824	-0.06388615816831589	-0.1336347907781601	-0.0640513226389885	0.11115236580371857	0.19064262509346008	-0.16301482915878296	-0.14299198985099792	-0.04449986293911934	0.014585674740374088	0.019200431182980537	-0.06721231341362	-0.07597217708826065	0.07430364191532135	-0.09162236750125885	-0.11623898148536682	-0.06716252863407135	0.08607522398233414	0.1193847507238388	0.04458143189549446	0.04046272113919258	-0.04554425925016403	-0.14208772778511047	0.130132794380188	0.08838365226984024	-0.05102039501070976	-0.07330168783664703	-0.04279544949531555	0.045660533010959625	-0.10425794869661331	0.1499648094177246	0.15055416524410248	-0.06137882545590401
http://www.semanticweb.org/eNOVATION-ontology#isResourceUsedBy	-0.2469523549079895	-0.06060696020722389	0.10869824141263962	0.09243622422218323	-0.16148430109024048	-0.043631527572870255	0.1288904845714569	-0.11581272631883621	0.053451672196388245	-0.0785275548696518	-0.09008634090423584	-0.0891292616724968	0.14821261167526245	0.05467374995350838	-0.026194265112280846	0.06099134311079979	0.04701751098036766	-0.10682550072669983	-0.14528711140155792	-0.1876048594713211	0.04881776124238968	0.10430216044187546	0.09588932245969772	-0.11241137236356735	0.20641487836837769	-0.2482876181602478	-0.0051431055180728436	0.018470026552677155	0.04377077519893646	-0.06489446759223938	0.12662848830223083	0.0006216127658262849	0.028024733066558838	0.05005024001002312	-0.1754043996334076	0.13734956085681915	-0.1493021547794342	-0.15568435192108154	-0.12509094178676605	-0.07265226542949677	-0.01397640909999609	0.06549392640590668	0.09865638613700867	-0.1031276136636734	0.06663383543491364	0.11640515178442001	-0.10923201590776443	0.12610191106796265	-0.11006448417901993	-0.05382265895605087	-0.10687144845724106	-0.14355839788913727	0.07198071479797363	0.12350248545408249	0.09476521611213684	0.16122619807720184	0.11992150545120239	0.06629657000303268	-0.14126551151275635	0.1800503134727478	0.012891983613371849	0.004563465248793364	-0.13192996382713318	-0.14211468398571014	0.0473502017557621	0.12661056220531464	-0.05255383625626564	0.19787368178367615	0.14935965836048126	-0.10836123675107956	-0.15676631033420563	-0.0293479785323143	0.12704646587371826	-0.05965494364500046	0.09011775255203247	0.16339902579784393	0.06624561548233032	-0.05534752458333969	-0.14409798383712769	0.10877658426761627	-0.04236573725938797	0.04833032935857773	-0.03882954642176628	-0.2568919062614441	0.10146669298410416	0.030730633065104485	0.11823942512273788	0.10362240672111511	0.03366629779338837	-0.03429530933499336	-0.06942882388830185	0.0993962436914444	0.02875865250825882	0.00022653200721833855	-0.060128405690193176	-0.11367673426866531	0.09748092293739319	0.06567130237817764	-0.12475839257240295	0.05331840366125107
http://www.semanticweb.org/eNOVATION-ontology#isResponseActionOf	0.11587546765804291	0.09053036570549011	-0.0592552088201046	0.18614031374454498	-0.06030963733792305	-0.06302957981824875	0.042381130158901215	0.1807498335838318	0.010813038796186447	-0.09948035329580307	0.03498459234833717	0.04759910702705383	0.010892913676798344	-0.03206723555922508	0.1394181102514267	-0.06630387902259827	0.046285249292850494	-0.13440489768981934	-0.001185477594844997	-0.1883348673582077	-0.1457977294921875	0.07147042453289032	-0.10658594965934753	-0.14488056302070618	-0.1054622232913971	0.2468627393245697	0.04662447050213814	0.030077297240495682	-0.15927301347255707	-0.03322021663188934	-0.012536793947219849	0.02891474962234497	-0.058681223541498184	0.03461882099509239	0.17886054515838623	-0.14536148309707642	0.015732843428850174	0.09056303650140762	-0.015427997335791588	0.27657565474510193	0.04878821223974228	-0.11989680677652359	-0.1089058369398117	-0.0778307244181633	-0.09083840996026993	0.13879430294036865	-0.02846553362905979	-0.10566284507513046	0.08305202424526215	0.10343810170888901	0.2122209370136261	-0.015126845799386501	-0.07726794481277466	-0.08840735256671906	-0.08607380092144012	0.14395703375339508	0.04350253567099571	0.081756092607975	0.07620834559202194	-0.13605967164039612	0.12571364641189575	0.12435703724622726	0.050100136548280716	0.07275956124067307	-0.15725228190422058	-0.11311597377061844	-0.15002240240573883	-0.06982222944498062	-0.057748664170503616	0.1389508992433548	-0.05765045806765556	0.02126200497150421	0.018035177141427994	-0.02782968431711197	-0.0490884967148304	0.01898113265633583	0.1775386780500412	-0.208846315741539	0.05191224068403244	0.036627866327762604	-0.25850504636764526	0.0267950352281332	0.12596890330314636	-0.11197561025619507	-0.005051037296652794	-0.12363167852163315	0.13547679781913757	0.18378864228725433	-0.030598275363445282	-0.10281302779912949	-0.19408877193927765	0.018525004386901855	0.16628514230251312	0.14060719311237335	-0.03919360414147377	-0.09754573553800583	0.16176503896713257	-0.09754857420921326	0.034689661115407944	-0.1530468910932541
http://www.semanticweb.org/eNOVATION-ontology#isSOPFollowedBy	-0.2528373599052429	0.08640041947364807	0.037634894251823425	0.18805383145809174	-0.024188799783587456	-0.18121282756328583	-0.04196640104055405	0.06279431283473969	-0.08583950251340866	0.030381441116333008	0.06958596408367157	0.05111182481050491	-0.10679164528846741	-0.10446856915950775	0.11981406062841415	0.14729097485542297	-0.1050444170832634	0.10530220717191696	-0.004333474673330784	0.10601222515106201	0.046318549662828445	0.014343315735459328	-0.13198383152484894	0.058133814483881	-0.002700669690966606	0.03808601573109627	0.044407919049263	-0.047177769243717194	-0.13348433375358582	-0.06761174649000168	-0.05286523327231407	-0.09123653173446655	0.1335633099079132	-0.16116122901439667	-0.12440646439790726	0.1945980042219162	-0.002812146907672286	-0.027614396065473557	-0.12862160801887512	-0.16712673008441925	-0.11990602314472198	0.1648913323879242	0.09527480602264404	-0.04983033612370491	-0.19112902879714966	-0.10717345029115677	-0.07166031002998352	-0.024035081267356873	0.08566243201494217	-0.21290291845798492	0.06764248758554459	0.0894874557852745	0.06360266357660294	0.08985038101673126	0.008529063314199448	-0.04302946478128433	-0.19286228716373444	-0.021785281598567963	0.11933831125497818	-0.2119637131690979	0.1871575266122818	0.09723429381847382	0.11966916918754578	0.09095228463411331	-0.14625270664691925	-0.08496144413948059	0.10825907438993454	0.061671894043684006	-0.07084528356790543	-0.11920206993818283	-0.10022378712892532	0.08324958384037018	-0.14473342895507812	-0.08758623152971268	0.13097690045833588	0.29732924699783325	-0.004539077635854483	-0.04333578422665596	0.1418766975402832	-0.09717513620853424	-0.08796785771846771	-0.16145305335521698	-0.09501533955335617	-0.18716371059417725	0.04727944731712341	-0.02770897001028061	-0.18622536957263947	0.09709519892930984	-0.16381342709064484	0.09186671674251556	0.23882506787776947	-0.10355338454246521	-0.10566931962966919	-0.10887455195188522	0.011514231562614441	-0.1023031622171402	0.12448469549417496	-0.20130817592144012	-0.15073326230049133	0.09664509445428848
http://www.semanticweb.org/eNOVATION-ontology#isSOPUsedBy	-0.038966089487075806	0.12427137047052383	-0.039211470633745193	-0.1739356517791748	-0.06669846922159195	0.03764307498931885	-0.12444464862346649	0.09299252927303314	0.020132942125201225	-0.13658525049686432	-0.1311172991991043	-0.06608433276414871	-0.10129725933074951	0.01609140634536743	-0.07165205478668213	-0.0024361759424209595	-0.057904597371816635	0.05025040730834007	0.024357018992304802	0.025486214086413383	0.2095917910337448	0.056056831032037735	0.0804964154958725	-0.06692273914813995	0.09611236304044724	-0.14541298151016235	-0.13670532405376434	0.08687614649534225	-0.07743328809738159	-0.14138132333755493	0.06550676375627518	0.020513884723186493	0.07347877323627472	-0.04300830513238907	0.017580270767211914	0.2350216954946518	-0.0899008959531784	-0.10853814333677292	0.021767238155007362	0.15045379102230072	-0.08705122023820877	0.055639803409576416	0.10958313941955566	-0.016078876331448555	0.004231505561619997	0.0188901387155056	0.03338262811303139	0.09353016316890717	-0.08099745213985443	0.08164483308792114	0.12950241565704346	-0.08050093799829483	-0.10195423662662506	0.1632765680551529	-0.0805383250117302	-0.23988471925258636	-0.05982305482029915	0.02040095441043377	0.05580325052142143	0.01010789256542921	-0.008153686299920082	0.038565024733543396	0.014074577018618584	0.057530369609594345	-0.05401594936847687	0.0026747039519250393	-0.13969919085502625	0.04603873938322067	0.05596461892127991	0.05408342927694321	-0.18131975829601288	0.03106137178838253	-0.14497359097003937	0.1678115576505661	-0.1507563292980194	0.12314309179782867	0.20407038927078247	0.018445752561092377	0.2737555205821991	0.11073759943246841	-0.06803150475025177	0.1276927888393402	-0.01952155865728855	-0.06666388362646103	0.021514980122447014	-0.22049039602279663	0.08781097084283829	0.07607141882181168	0.14113260805606842	-0.092507004737854	0.07731497287750244	-0.1456499993801117	-0.03372110426425934	0.12316324561834335	0.13088852167129517	-0.08587294071912766	0.007862546481192112	-0.08237148076295853	-0.11709845811128616	-0.24087125062942505
http://www.semanticweb.org/eNOVATION-ontology#isScenarioRoleOf	0.1637972593307495	0.017559032887220383	0.0807584747672081	0.058867454528808594	-0.12706361711025238	0.13817378878593445	0.0687548816204071	-0.1253330111503601	-0.0005474569043144584	0.1983710080385208	-0.17776837944984436	-0.006578030530363321	0.11671297997236252	-0.03499351069331169	0.06363701075315475	-0.09783393144607544	0.042745817452669144	0.24806466698646545	-0.10923433303833008	-0.040223378688097	-0.05594439432024956	-0.0782269611954689	-0.08670417964458466	-0.10022507607936859	0.07836467027664185	0.14966243505477905	0.07314842939376831	-0.08258769661188126	-0.16189032793045044	0.07364450395107269	-0.11183033883571625	-0.12776470184326172	0.021935150027275085	0.1300276219844818	0.030073320493102074	-0.030618812888860703	-0.02926761656999588	-0.01798969879746437	-0.08598000556230545	-0.05134036764502525	0.044371213763952255	-0.08920332789421082	-0.021733485162258148	-0.016777265816926956	-0.09628894180059433	-0.10656722635030746	0.08074489235877991	-0.18725134432315826	-0.16609108448028564	-0.027447447180747986	0.10787124186754227	-0.14767950773239136	-0.1303083300590515	0.21343709528446198	0.015077176503837109	0.09827737510204315	-0.09811925143003464	0.17528051137924194	0.13714750111103058	-0.23151932656764984	0.06228436157107353	-0.14722345769405365	0.126846045255661	0.013270298950374126	-0.10088890790939331	0.09358732402324677	-0.037436775863170624	0.20433498919010162	-0.1155245378613472	0.025250524282455444	-0.12974363565444946	0.18248894810676575	0.021779753267765045	-0.17759104073047638	0.06595325469970703	-0.030673140659928322	-0.14312054216861725	0.1173977330327034	0.15542662143707275	-0.19793954491615295	0.05443430319428444	0.07624243944883347	-0.034901443868875504	-0.0967128649353981	0.1577111780643463	-0.04491090029478073	0.08505195379257202	0.059144023805856705	0.17301945388317108	0.025640243664383888	-0.13056620955467224	0.23482011258602142	0.09019125252962112	0.041299525648355484	0.14544041454792023	-0.0762837752699852	0.1330583691596985	0.14225105941295624	-0.28583142161369324	-0.014194727875292301
http://www.semanticweb.org/eNOVATION-ontology#isServiceOfferedBy	-0.08246662467718124	-0.07376033812761307	-0.11026983708143234	0.08346345275640488	-0.027934711426496506	0.099962018430233	-0.06433457136154175	-0.14358268678188324	0.06577814370393753	0.018293472006917	-0.1045122817158699	-0.14070063829421997	-0.008324036374688148	-0.09313605725765228	-0.05748330429196358	0.06126946210861206	0.2425280213356018	0.20758673548698425	0.1486731767654419	0.05518258735537529	0.059478309005498886	-0.005285388324409723	-0.11967770755290985	-0.03103235363960266	0.08032775670289993	0.02513223886489868	0.07548164576292038	0.09170664101839066	-0.07277017831802368	0.03438461944460869	0.20909897983074188	-0.03959553316235542	-0.1903601586818695	0.0928415060043335	-0.10335493087768555	0.045139387249946594	-0.15475670993328094	-0.14238053560256958	-0.09708677977323532	0.11295432597398758	0.18288671970367432	-0.10867603123188019	0.07858939468860626	-0.14058230817317963	0.17565599083900452	0.1134592741727829	0.10056625306606293	0.20299577713012695	-0.08495762944221497	-0.1396784782409668	0.07190439850091934	0.07847529649734497	-0.2113480269908905	0.17087110877037048	0.01697794534265995	0.06218327209353447	-0.07706574350595474	0.1861194521188736	0.02730794996023178	-0.1672326922416687	-0.03517264500260353	-0.1541290432214737	-0.22478759288787842	0.17674823105335236	8.731280104257166e-05	0.07252483814954758	-0.13948571681976318	0.10143546760082245	0.16390544176101685	-0.17139805853366852	0.027086682617664337	0.10014884173870087	-0.11607573181390762	-0.1927398145198822	0.07577341794967651	-0.03773936629295349	-0.07967297732830048	-0.08372001349925995	0.07811170816421509	0.09481034427881241	-0.07290622591972351	0.07934799790382385	0.07168157398700714	-0.059685979038476944	0.11391524970531464	-0.19961880147457123	-0.044104862958192825	0.00844539050012827	0.2300286591053009	-0.07642253488302231	-0.12741534411907196	0.07248072326183319	-0.09452919661998749	-0.10772386193275452	0.04118302837014198	-0.032570090144872665	-0.04656681418418884	0.22358112037181854	0.12116243690252304	-0.009053215384483337
http://www.semanticweb.org/eNOVATION-ontology#isStakeholderEngagedBy	-0.016512630507349968	-0.17473481595516205	-0.1744985580444336	0.09310752153396606	-0.13577227294445038	0.1494012176990509	-0.1762818843126297	-0.0717286467552185	0.12732186913490295	-0.21454192698001862	-0.02665812335908413	-0.09063537418842316	0.229208841919899	0.11251981556415558	-0.08902682363986969	-0.09768105298280716	-0.11414270848035812	0.1782112717628479	0.06559893488883972	-0.11735372245311737	0.11768966913223267	-0.033283334225416183	0.04342600703239441	-0.12341796606779099	0.03564723953604698	0.2375960350036621	-0.0260907169431448	-0.04284719377756119	-0.12390416860580444	0.17362791299819946	-0.09986318647861481	0.08808595687150955	-0.24462705850601196	0.047464627772569656	0.11619896441698074	0.11550343036651611	0.09783778339624405	0.12528136372566223	0.08579409122467041	-0.03002898581326008	-0.07790371030569077	-0.19150395691394806	0.11966169625520706	-0.02939566783607006	-0.11430813372135162	0.10682448744773865	0.09606242924928665	-0.09031450748443604	0.1803313046693802	0.06008508428931236	0.10389943420886993	-0.17845723032951355	-0.04704110696911812	0.017176968976855278	0.09195638447999954	0.1282481551170349	0.11616972833871841	-0.017117196694016457	0.05504230037331581	-0.18055395781993866	0.19436553120613098	-0.030896056443452835	0.0734877660870552	-0.1557624787092209	-0.1215803325176239	0.06832437962293625	-0.06100693717598915	0.021120673045516014	0.04451370984315872	0.011333341710269451	-0.16509151458740234	0.16144660115242004	0.003275911323726177	-0.11793871223926544	-0.22073523700237274	0.09432320296764374	-0.06808695197105408	-0.013596880249679089	0.10513182729482651	0.043730128556489944	0.0852837786078453	0.18089726567268372	0.11845339089632034	0.12118089199066162	0.09826504439115524	-0.01324907224625349	-0.15493245422840118	-0.02541644684970379	-0.06884082406759262	-0.15258654952049255	0.0533786378800869	0.10477467626333237	0.16463924944400787	-0.2462655007839203	-0.027822675183415413	0.06524362415075302	-0.013272211886942387	-0.05609959363937378	0.16654352843761444	-0.2892855405807495
http://www.semanticweb.org/eNOVATION-ontology#isStandardCompliedWithBy	-0.008030286058783531	-0.12147015333175659	-0.01915757730603218	-0.005714612081646919	0.10269760340452194	0.21527105569839478	-0.0639839693903923	-0.0453248955309391	0.05781546235084534	0.04703463986515999	-0.18906717002391815	0.053504038602113724	0.061557915061712265	-0.14783938229084015	-0.08354434370994568	0.08425090461969376	-0.04050873965024948	0.1440335214138031	0.09065569937229156	0.06537733972072601	0.17573580145835876	-0.1594480723142624	-0.05048953741788864	0.04639868065714836	0.09299364686012268	0.06285601854324341	0.06731933355331421	0.10381045192480087	0.09776058048009872	-0.18416211009025574	0.15040291845798492	0.026450389996170998	0.10726894438266754	0.01819012127816677	0.11123556643724442	0.11511886119842529	-0.1420479267835617	-0.1970946490764618	-0.05384530499577522	-0.1641889363527298	0.030639808624982834	-0.0360344834625721	-0.14671865105628967	-0.0803341194987297	-0.020763561129570007	0.0027021504938602448	-0.11930656433105469	-0.15688613057136536	-0.041568510234355927	0.0361231230199337	-0.06658817827701569	-0.07165698707103729	-0.17340679466724396	-0.09245940297842026	0.16639500856399536	0.06721039116382599	0.16439081728458405	0.03220106288790703	0.19739367067813873	-0.13691452145576477	0.16801472008228302	-0.051797766238451004	0.1439058482646942	-0.045149631798267365	-0.15258879959583282	-0.11368240416049957	-0.1310621052980423	0.13066831231117249	-0.000820294430013746	0.10849874466657639	-0.11761976033449173	-0.02939966879785061	0.09712913632392883	-0.104819655418396	0.013730195350944996	-0.12071418017148972	0.17149662971496582	0.14242428541183472	-0.13194404542446136	-0.08072137087583542	0.1856851428747177	0.09491761028766632	0.0049460893496870995	0.0004148127627559006	0.15361981093883514	0.07993592321872711	-0.10914190113544464	-0.07926991581916809	0.19563302397727966	0.10017633438110352	-0.11939314007759094	0.17455421388149261	-0.06661347299814224	-0.15666861832141876	0.12338121235370636	0.1254512369632721	0.015098636969923973	0.17387622594833374	-0.12250988185405731	-0.07900107651948929
http://www.semanticweb.org/eNOVATION-ontology#isTCDisciplineOf	0.19519487023353577	0.12033054232597351	-0.09601917117834091	0.18357588350772858	-0.13354255259037018	-0.04593183472752571	-0.20826111733913422	0.15978620946407318	-0.04800255224108696	-0.17799778282642365	-0.15801429748535156	-0.18462508916854858	0.057697996497154236	-0.22605827450752258	-0.11066287755966187	-0.10278534144163132	0.1359459012746811	-0.06452129036188126	-0.03038189560174942	-0.026330167427659035	-0.0026266509667038918	-0.09533320367336273	0.022636141628026962	-0.05759253352880478	0.04231317341327667	-0.11527422070503235	-0.11522518843412399	-0.0820527896285057	-0.1511533260345459	-0.10609328001737595	-0.0727272778749466	0.07089915126562119	0.018135560676455498	0.09017017483711243	0.08058209717273712	0.1278907060623169	0.06972020864486694	0.1624208688735962	0.17060762643814087	0.1978873610496521	0.0548749640583992	-0.030817169696092606	0.059268563985824585	-0.05718102306127548	0.1520017385482788	-0.08350721001625061	-0.09130693972110748	-0.05654992163181305	-0.051503852009773254	0.15008756518363953	-0.12039896845817566	-0.03563316538929939	-0.01629582792520523	-0.09423161298036575	0.06928255409002304	-0.14741899073123932	-0.14784181118011475	-0.007771001197397709	-0.28453773260116577	-0.08962654322385788	-0.03983902186155319	-0.3141654133796692	-0.11966893076896667	-0.11110733449459076	0.08165272325277328	-0.1072271466255188	-0.1789132058620453	-0.14775465428829193	0.07048030197620392	0.061383206397295	-0.19765989482402802	-0.022983720526099205	0.08694788068532944	0.133214071393013	-0.015174522064626217	-0.04068245738744736	0.11926832050085068	-0.1154131069779396	0.17202156782150269	0.11201970279216766	0.09044338017702103	0.24110932648181915	0.050950467586517334	0.13240249454975128	0.04775584861636162	0.03936885669827461	-0.05410364270210266	-0.06502582132816315	-0.141596257686615	-0.20139622688293457	0.00694310525432229	0.14649532735347748	-0.19336535036563873	-0.11681586503982544	0.018495000898838043	0.18207311630249023	-0.20452995598316193	0.10816675424575806	0.12776042520999908	-0.2619918882846832
http://www.semanticweb.org/eNOVATION-ontology#isTCTypeOf	0.16147248446941376	-0.07841847836971283	-0.08480284363031387	0.090020090341568	0.008057297207415104	0.05158526822924614	0.032008372247219086	0.13127441704273224	0.055074434727430344	-0.1508490890264511	-0.028837334364652634	-0.2678806781768799	-0.02120240032672882	-0.036403242498636246	-0.03406735509634018	0.19471827149391174	0.0846266895532608	-0.058221351355314255	0.12679247558116913	0.09807407855987549	-0.0425318107008934	-0.1663874238729477	0.04009462520480156	0.0022718762047588825	-0.018978910520672798	-0.006329263560473919	-0.16470415890216827	-0.07544979453086853	0.07447567582130432	0.11727539449930191	0.2250138521194458	0.06276906281709671	-0.22550511360168457	-0.014794583432376385	-0.10442547500133514	0.21538783609867096	0.02976335398852825	0.1470961570739746	-0.04049040377140045	-0.09425316751003265	-0.03953799232840538	-0.10594870150089264	0.2271805852651596	0.02076863870024681	0.2066553235054016	0.1432279497385025	-0.08052881807088852	0.12816576659679413	0.16729624569416046	-0.013797236606478691	0.1917925328016281	0.03963658958673477	0.025816038250923157	0.038905683904886246	0.07644811272621155	0.024468565359711647	-0.08988294005393982	-0.09374132007360458	0.008914519101381302	-0.1488865166902542	-0.0091048339381814	-0.08997976034879684	-0.02834470570087433	-0.10500120371580124	-0.04937442019581795	-0.016964495182037354	-0.17640307545661926	-0.1100371703505516	0.003132122801616788	-0.0748271644115448	0.04825130105018616	0.07395201176404953	-0.02368931472301483	-0.08375326544046402	-0.02319619618356228	-0.0303790383040905	0.13093449175357819	-0.05829427018761635	0.18945720791816711	0.05949191376566887	-0.0034190926235169172	0.14471572637557983	-0.15257935225963593	-0.0972265675663948	-0.11095418781042099	0.1495530605316162	-0.17434720695018768	0.022595427930355072	-0.10518461465835571	0.12138938903808594	-0.21638914942741394	-0.055472198873758316	0.05610256642103195	0.200314000248909	-0.02018577978014946	0.14333407580852509	0.0006128264940343797	0.0746651217341423	0.10450008511543274	-0.20069660246372223
http://www.semanticweb.org/eNOVATION-ontology#isTRLOf	-0.07806486636400223	0.05132414028048515	-0.15883560478687286	-0.004408393055200577	0.10327302664518356	0.11490436643362045	0.09142885357141495	0.01174075249582529	-0.07050802558660507	0.03153061494231224	-0.04749884828925133	-0.07420093566179276	-0.08860769122838974	0.11393430083990097	-0.12671813368797302	0.004488812293857336	0.17392946779727936	0.0818159207701683	0.16285394132137299	-0.060169294476509094	0.0736364871263504	0.04011637717485428	0.08206533640623093	0.06498880684375763	0.10968349128961563	0.11350060254335403	-0.11816751211881638	-0.13516424596309662	-0.11262441426515579	-0.13664066791534424	0.08285792917013168	0.04876177757978439	-0.23237764835357666	-0.14596131443977356	0.09069515019655228	-0.09408651292324066	0.06407704949378967	0.05714854598045349	0.19774046540260315	0.11496586352586746	-0.12326630204916	0.19309893250465393	0.07783710956573486	0.1802910417318344	-0.08374179154634476	0.14318835735321045	-0.18649619817733765	-0.14691057801246643	0.2137387990951538	-0.06699912250041962	-0.005826186388731003	-0.04200410842895508	0.04996221140027046	0.12486178427934647	0.15369316935539246	0.27913084626197815	0.1677466183900833	0.1590074747800827	0.13419519364833832	0.161399245262146	0.0831463560461998	0.07874663919210434	0.10931731760501862	0.051419198513031006	0.11495392769575119	-0.18190474808216095	-0.155685693025589	-0.053845882415771484	0.1337561309337616	-0.18198785185813904	0.08652112632989883	-0.006543017458170652	-0.07020250707864761	0.02088075317442417	0.08885812759399414	-0.09875190258026123	-0.0738760456442833	0.12996219098567963	-0.12494824826717377	0.04169243201613426	-0.06625483930110931	0.19162432849407196	-0.03167750686407089	0.25885292887687683	-0.06280770152807236	0.04280804470181465	-0.006494330242276192	-0.0693761333823204	-0.12216181308031082	0.09729529172182083	0.12100929021835327	-0.04632486775517464	0.10611063987016678	-0.12492438405752182	0.05646452680230141	-0.08357366174459457	-0.03910095617175102	0.16067731380462646	0.16774939000606537	-0.14549054205417633
http://www.semanticweb.org/eNOVATION-ontology#isTechnologyTrainedIn	0.09106264263391495	-0.04112666845321655	-0.07458347082138062	-0.11513076722621918	-0.1809435933828354	-0.23413017392158508	-0.0032753031700849533	0.048696573823690414	0.035793546587228775	0.04750635474920273	-0.06239183992147446	-0.08231769502162933	-0.018071787431836128	0.07243414968252182	-0.058853719383478165	0.12848590314388275	-0.1319633573293686	0.09196576476097107	0.11783945560455322	0.09319272637367249	-0.059799253940582275	-0.05116066709160805	0.09687621146440506	-0.14248307049274445	-0.05114930123090744	0.20077276229858398	-0.19313473999500275	-0.08768551796674728	0.1085740253329277	-0.1269739270210266	0.027915213257074356	-0.210476353764534	-0.09241046756505966	-0.030608681961894035	0.032745495438575745	-0.12470771372318268	-0.1327860951423645	-0.15772826969623566	-0.14871834218502045	0.09825757145881653	-0.15586674213409424	0.13616116344928741	0.12522484362125397	-0.1290290355682373	-0.18128551542758942	-0.13645441830158234	-0.028527842834591866	0.15785224735736847	0.01295232679694891	0.15427131950855255	-0.09625548124313354	0.01466082502156496	-0.16429419815540314	0.042428355664014816	0.172113835811615	-0.11781258881092072	-0.12425366044044495	-0.13621655106544495	0.08047126978635788	0.1376945823431015	0.13722077012062073	-0.012485870160162449	-0.037457577884197235	0.11237490922212601	-0.07249759137630463	0.09302953630685806	0.09276871383190155	0.06328071653842926	-0.08123672753572464	-0.059970781207084656	0.07600336521863937	-0.09820470958948135	0.04351161792874336	-0.11311404407024384	-0.16364499926567078	0.054060280323028564	-0.10840640962123871	-0.043195802718400955	-0.04447058215737343	0.09407079964876175	-0.14713580906391144	-0.10360350459814072	-0.06198466196656227	0.07425247877836227	0.15680062770843506	-0.07645523548126221	-0.0467677004635334	-0.16236288845539093	-0.14653624594211578	-0.03932792320847511	-0.03628019243478775	0.1244506984949112	-0.0767996683716774	0.03711000457406044	0.06368255615234375	0.08203265070915222	-0.126607283949852	0.03539571538567543	0.20338065922260284	0.1509886234998703
http://www.semanticweb.org/eNOVATION-ontology#isTechnologyUsedBy	-0.007172319106757641	-0.19260066747665405	-0.17099440097808838	-0.09482025355100632	-0.1238042488694191	-0.06665646284818649	0.02137686312198639	0.030558176338672638	-0.024705713614821434	-0.11261430382728577	-0.09239786863327026	0.10298044979572296	0.1468067318201065	-0.07164393365383148	-0.05237404257059097	-0.056550558656454086	-0.03131653741002083	0.02737973816692829	0.1737474799156189	-0.1460142731666565	0.07262995094060898	0.06909818202257156	-0.13577596843242645	0.06846638768911362	0.0897013396024704	0.10918767750263214	0.16978393495082855	0.11703332513570786	0.08173596858978271	0.0950038805603981	-0.010394571349024773	0.0785750225186348	-0.047249432653188705	0.11318263411521912	0.013408839702606201	0.1423308253288269	0.12226279079914093	0.13766737282276154	0.008772721514105797	0.17502275109291077	-0.0317026749253273	0.12460346519947052	0.015819396823644638	-0.17996761202812195	0.14498849213123322	0.16355004906654358	0.13928651809692383	0.02204638533294201	-0.07107516378164291	0.1316509246826172	-0.18931333720684052	0.10332479327917099	-0.18189167976379395	0.2655101418495178	0.23701386153697968	-0.04918020963668823	-0.13681700825691223	0.06083410978317261	-0.01031689252704382	-0.034132275730371475	0.05703311040997505	-0.3033458888530731	-0.15020300447940826	-0.06382390856742859	-0.16219034790992737	0.058333802968263626	-0.014865235425531864	-0.017867667600512505	-0.09116514027118683	-0.04824071750044823	-0.10776835680007935	0.09936387836933136	0.03666774928569794	0.17877204716205597	0.11804178357124329	-0.21033325791358948	-0.007408621720969677	0.13227993249893188	0.23553842306137085	0.16342198848724365	-0.1592615693807602	-0.05457970127463341	-0.12323084473609924	0.06583699584007263	0.14859221875667572	-0.025660360231995583	-0.03855828940868378	0.16571873426437378	0.047205179929733276	0.0527954027056694	-0.10612466931343079	-0.017148368060588837	-0.062103915959596634	0.06025809794664383	-0.04922918230295181	0.01128281932324171	0.09788873791694641	0.09936679899692535	0.023463411256670952	-0.15284636616706848
http://www.semanticweb.org/eNOVATION-ontology#isThreatInvolvedIn	0.0411139577627182	0.1543809324502945	0.09813283383846283	-0.07189610600471497	-0.04857145994901657	-0.02951745130121708	0.05007675662636757	-0.1568213552236557	-0.04429403319954872	0.1590283215045929	0.12401320785284042	0.06615760922431946	0.07986432313919067	0.08310220390558243	-0.014445703476667404	0.18381677567958832	0.08769187331199646	0.05939002335071564	0.06548792868852615	0.012711454182863235	-0.027746623381972313	0.18020747601985931	-0.1399274468421936	-0.04512574151158333	-0.06107989698648453	-0.0579102523624897	0.07327134907245636	-0.09384530037641525	0.14839282631874084	0.11690134555101395	0.1353190690279007	-0.07716706395149231	0.12950290739536285	0.09714745730161667	-0.08726847171783447	0.10585889965295792	0.08543432503938675	-0.07992701232433319	-0.07113876193761826	0.18543167412281036	-0.02494315430521965	0.06575261056423187	-0.08261411637067795	-0.192616805434227	-0.14297448098659515	-0.13981543481349945	0.10540621727705002	0.12282446026802063	0.12338067591190338	0.03817538172006607	0.15236179530620575	-0.0010586378630250692	-0.05834124609827995	0.13531020283699036	0.13508594036102295	-0.24747544527053833	0.10995975881814957	-0.12766247987747192	-0.09981320798397064	0.10211264342069626	0.1613216996192932	0.11066737025976181	-0.062363531440496445	-0.15339134633541107	0.02729518711566925	0.02908695675432682	0.12266789376735687	-0.04323277622461319	-0.12121836096048355	-0.09308841824531555	-0.043661896139383316	-0.1406119167804718	-0.09341361373662949	0.09646899998188019	0.04218762740492821	0.0525098517537117	0.12861280143260956	-0.05295242741703987	0.23098324239253998	0.1027502492070198	-0.10868716239929199	-0.039930667728185654	0.044778164476156235	0.09813178330659866	-0.07684678584337234	-0.034573402255773544	0.16720296442508698	0.0676121860742569	-0.12899279594421387	0.16453337669372559	0.1259503960609436	0.0904044359922409	0.037383537739515305	-0.06993499398231506	-0.113053098320961	0.04694190248847008	0.061398278921842575	0.19489768147468567	-0.07100675255060196	-0.0802588239312172
http://www.semanticweb.org/eNOVATION-ontology#isTrainingAudienceOf	0.22130975127220154	0.015948586165905	-0.155445858836174	-0.17587773501873016	-0.07366466522216797	0.17049407958984375	0.24090521037578583	-0.32561659812927246	-0.31779831647872925	0.21993985772132874	-0.1403857320547104	-0.09392904490232468	-0.25369730591773987	0.15573059022426605	0.19031968712806702	0.02709871716797352	0.14736799895763397	-0.11251726001501083	0.08884698152542114	0.13956688344478607	0.08639616519212723	0.21557781100273132	-0.07295359671115875	0.009063870646059513	-0.00601190235465765	0.001073495950549841	0.2688421308994293	0.08002152293920517	-0.20328672230243683	-0.17043551802635193	0.09414101392030716	0.14003732800483704	-0.10186036676168442	0.08775283396244049	0.1038089320063591	0.012371125631034374	0.03202847018837929	0.23081280291080475	0.13882873952388763	0.17886310815811157	0.021361013874411583	0.039301883429288864	0.10063991695642471	-0.25984254479408264	0.26120370626449585	-0.05025337263941765	0.11435966938734055	0.24732814729213715	0.15474790334701538	0.02707001380622387	0.13504891097545624	-0.14515312016010284	0.10427207499742508	0.16057099401950836	0.3163102865219116	-0.029815759509801865	-0.11085159331560135	0.03916342556476593	-0.14124423265457153	-0.10550051182508469	0.05471828579902649	0.00887005589902401	-0.1490837037563324	-0.056894611567258835	0.10674235224723816	0.10585250705480576	-0.12330696731805801	-0.073194719851017	-0.24047121405601501	-0.18710428476333618	0.133612260222435	-0.1365746110677719	0.12807591259479523	0.2690085470676422	-0.17860782146453857	0.14967428147792816	-0.18932169675827026	0.2021750956773758	-0.06908693164587021	0.11388301104307175	-0.08335284143686295	-0.2503955364227295	0.16263127326965332	0.12743331491947174	0.09136133641004562	-0.018669741228222847	0.03882928937673569	0.12041070312261581	0.18380309641361237	-0.16317088901996613	-0.2626652121543884	0.23803114891052246	-0.2560373842716217	-0.07422598451375961	0.1725093573331833	-0.14129458367824554	-0.02963278442621231	-0.06247168779373169	-0.09459760040044785	-0.12982332706451416
http://www.semanticweb.org/eNOVATION-ontology#isTrainingCourseProvidedBy	-0.15914286673069	-0.00126468890812248	-0.10752958804368973	0.21999402344226837	-0.15354220569133759	-0.13426710665225983	-0.06564170122146606	0.12821300327777863	0.030084695667028427	-0.10881667584180832	0.06687071919441223	-0.11408788710832596	0.006374856922775507	-0.03720545023679733	0.06358440965414047	-0.008459798991680145	0.09483851492404938	-0.027742503210902214	0.3057365417480469	-0.018913062289357185	0.1781834363937378	-0.016807015985250473	0.15191905200481415	0.1435219794511795	0.17268513143062592	-0.09104365110397339	-0.1446162462234497	-0.08807574212551117	0.13127055764198303	-0.15915007889270782	0.13078323006629944	-0.07748917490243912	0.028384821489453316	0.007637583650648594	-0.08430054038763046	0.22452084720134735	-0.038020987063646317	-0.08943548053503036	0.027476537972688675	0.106874980032444	0.11919081211090088	0.1346200704574585	0.12911415100097656	-0.05276701971888542	0.05161484330892563	0.1048690676689148	-0.039097368717193604	-0.17082396149635315	-0.02202264964580536	0.05282773822546005	0.031219881027936935	-0.04627684876322746	-0.08618272840976715	-0.17896230518817902	0.14148978888988495	-0.10679477453231812	0.01413773000240326	0.2505437135696411	0.07080085575580597	0.10851333290338516	-0.09336796402931213	-0.23942029476165771	-0.07821908593177795	-0.12165805697441101	-0.17673106491565704	-0.09422891587018967	-0.13955524563789368	0.11683427542448044	-0.0004181448894087225	0.06147536635398865	-0.18572629988193512	0.10268698632717133	-0.25330978631973267	0.06884210556745529	-0.1921815276145935	-0.09091272950172424	0.12453430145978928	0.06556684523820877	0.14011821150779724	-0.036498963832855225	0.11068157851696014	-0.10521449893712997	-0.2696821689605713	-0.05724097415804863	0.14480827748775482	0.04733138531446457	-0.09250734001398087	-0.04748203977942467	-0.045189544558525085	0.039704330265522	-0.06469537317752838	-0.06110350787639618	0.044344108551740646	-0.018628554418683052	-0.047587066888809204	-0.05232560262084007	-0.059029802680015564	0.1812417358160019	-0.012729708105325699	0.12624484300613403
http://www.semanticweb.org/eNOVATION-ontology#isTrainingMethodOfferedBy	-0.05317710340023041	0.12759189307689667	-0.06466010212898254	-0.06006007269024849	0.026199905201792717	0.08510720729827881	-0.06897661834955215	-0.13926713168621063	-0.18373554944992065	-0.11065495759248734	0.010310987941920757	-0.06437157839536667	0.17106151580810547	-0.07471857964992523	0.041910845786333084	0.15133923292160034	0.023183222860097885	0.015062203630805016	0.024418093264102936	-0.19822311401367188	0.2729052007198334	0.15503010153770447	-0.0713653564453125	0.14473259449005127	0.14734916388988495	0.06149935722351074	0.0521741583943367	-0.10510136187076569	0.025073161348700523	0.08547054976224899	-0.08119053393602371	0.06448344141244888	-0.14474496245384216	-0.11611319333314896	0.15681995451450348	0.0807611346244812	-0.019273806363344193	0.0022522108629345894	0.08954688906669617	0.12494722753763199	0.2514602839946747	-0.03399782255291939	-0.039061009883880615	-0.0533134825527668	0.027506818994879723	0.09139420092105865	0.07320772111415863	0.10382697731256485	-0.012174745090305805	0.10140344500541687	0.11431577056646347	0.1438632309436798	0.12020665407180786	-0.04229503124952316	0.11800096184015274	0.045111145824193954	-0.15864743292331696	0.04400127753615379	0.04862025007605553	-0.11629275232553482	0.07211771607398987	-0.10757032781839371	-0.0911131426692009	-0.209963858127594	-0.0043344986625015736	0.14214572310447693	-0.1819581687450409	0.17553633451461792	-0.10824641585350037	0.16281713545322418	-0.14430201053619385	0.02139054238796234	-0.045527487993240356	0.13543671369552612	-0.06468475610017776	-0.18312513828277588	-0.19181111454963684	-0.10684921592473984	0.06901348382234573	0.06415151059627533	-0.06018897891044617	-0.025127854198217392	0.12349939346313477	-0.06008477509021759	0.05815284699201584	0.07636044174432755	0.07518530637025833	0.11999677866697311	-0.10900010168552399	0.09191182255744934	-0.16069486737251282	-0.10882718116044998	-0.06249579042196274	-0.14604230225086212	-0.11099352687597275	0.025653410702943802	0.05477315932512283	0.033988770097494125	0.09713083505630493	0.1732853651046753
http://www.semanticweb.org/eNOVATION-ontology#isTrainingMethodUsedBy	0.14616605639457703	-0.019725188612937927	0.0493648424744606	0.15286538004875183	0.15623486042022705	-0.13024674355983734	0.16650915145874023	-0.04091929644346237	0.12030673027038574	0.08832751214504242	0.12817303836345673	-0.13621148467063904	-0.15623436868190765	0.1404699832201004	-0.004679569974541664	0.04418305680155754	-0.03780481591820717	-0.0068301549181342125	-0.1912471354007721	-0.008879345841705799	0.09450801461935043	-0.056892503052949905	-0.13150817155838013	0.0980740562081337	-0.05196497589349747	-0.13307346403598785	-0.18849556148052216	-0.0036636721342802048	-0.09711451828479767	0.06622902303934097	-0.011091475374996662	0.0241218451410532	0.11716225743293762	-0.11613956093788147	-0.008402248844504356	0.02289070375263691	0.04192037135362625	-0.07245565205812454	0.08551113307476044	-0.023860951885581017	-0.02345525473356247	-0.0450112447142601	0.019838042557239532	-0.04080089554190636	-0.1317577213048935	-0.07699932157993317	0.002928917296230793	0.021840304136276245	-0.05884756147861481	-0.029746783897280693	0.0788048729300499	0.13596056401729584	-0.0884210541844368	-0.03208193928003311	-0.0614912174642086	0.12794144451618195	0.03748331591486931	-0.11883009225130081	0.06814762949943542	-0.07273323833942413	0.0230258721858263	-0.035648345947265625	0.15630269050598145	-0.009622780606150627	-0.09965831786394119	0.08408570289611816	-0.0070982701145112514	0.0900648906826973	0.14472509920597076	0.030327588319778442	0.08473586291074753	0.1794889271259308	-0.0074628242291510105	0.12553183734416962	0.0028778540436178446	-0.054025799036026	0.10510751605033875	0.124703548848629	-0.13910743594169617	-0.12902246415615082	0.07801612466573715	-0.09876158833503723	-0.06024901941418648	-0.004369466565549374	0.2089565545320511	-0.018571455031633377	-0.0984824150800705	0.12073716521263123	0.10412051528692245	-0.0890757218003273	0.005581228528171778	0.16378062963485718	-0.013199902139604092	-0.13606105744838715	-0.12788431346416473	-0.07080983370542526	-0.18532031774520874	0.021808428689837456	0.12202990800142288	-0.023782169446349144
http://www.semanticweb.org/eNOVATION-ontology#isTrainingParticipantOf	-0.06817446649074554	-0.0856935903429985	-0.0007467073737643659	-0.029330739751458168	-0.19047878682613373	-0.19212548434734344	0.11205883324146271	-0.012082824483513832	-0.057316675782203674	0.10347142070531845	0.15780410170555115	-0.04452146589756012	0.12178295850753784	0.08232608437538147	-0.12010333687067032	-0.009261686354875565	0.04679309204220772	0.12197237461805344	0.057657428085803986	-0.05614061281085014	-0.10941891372203827	-0.024823708459734917	-0.07780105620622635	0.2084689736366272	-0.1496904194355011	0.02878311648964882	0.020013416185975075	0.10405194759368896	-0.11155370622873306	-0.03206601366400719	0.03237690404057503	-0.025883173570036888	0.08778171241283417	-0.026078438386321068	0.05440899729728699	-0.17640778422355652	-0.06585973501205444	0.075367771089077	0.15213024616241455	0.15010233223438263	-0.16705083847045898	-0.06537152081727982	0.15161679685115814	0.053058184683322906	-0.05704692006111145	0.161362424492836	-0.07401888072490692	-0.0363885797560215	-0.03218024969100952	0.16905324161052704	0.03193780779838562	-0.1526707112789154	-0.11900116503238678	-0.06277671456336975	0.10558544099330902	-0.04593787342309952	0.003502506762742996	0.04935525730252266	-0.17473682761192322	-0.11767595261335373	-0.02932167984545231	0.22585268318653107	-0.04383723810315132	0.12306823581457138	-0.16809788346290588	0.1700778603553772	-0.05142461881041527	-0.19488964974880219	0.13433898985385895	-0.03670358285307884	0.0024096909910440445	0.04145050048828125	0.052728310227394104	-0.08333089202642441	0.04970436915755272	0.006283347494900227	0.1956777572631836	0.045649219304323196	0.05738728865981102	-0.023125117644667625	0.1517597883939743	-0.034594424068927765	-0.1425720900297165	-0.04276525601744652	0.08396273106336594	-0.16008126735687256	0.06838403642177582	-0.09630640596151352	0.14686588943004608	-0.07416077703237534	-0.08959727734327316	0.08288322389125824	0.03588065505027771	0.04540221393108368	0.1407247930765152	-0.16160351037979126	0.1303132176399231	0.01111618708819151	0.02682797983288765	0.0698438212275505
http://www.semanticweb.org/eNOVATION-ontology#issuesCertificate	0.12851834297180176	-0.14847126603126526	0.18622815608978271	0.12421198934316635	0.13852240145206451	-0.051086608320474625	0.01985500380396843	-0.010353433899581432	0.10457923263311386	0.05162479355931282	-0.15040837228298187	0.018098821863532066	-0.08456693589687347	0.017032448202371597	-0.06330586969852448	-0.13047492504119873	0.05064138397574425	0.15230485796928406	-0.023825297132134438	-0.0027861250564455986	-0.12614955008029938	-0.2061683088541031	-0.16764582693576813	-0.041181016713380814	0.10320454835891724	0.11815935373306274	-0.1018485352396965	0.14136435091495514	-0.1043420135974884	-0.14516690373420715	0.07160848379135132	-0.0357816219329834	0.10151208192110062	-0.06877545267343521	-0.18193936347961426	-0.11422234773635864	0.018635550513863564	0.056763533502817154	0.02272554114460945	-0.05339214578270912	-0.11058894544839859	-0.06328193098306656	0.16112969815731049	-0.06622869521379471	-0.13204479217529297	0.05905114859342575	0.1268351674079895	0.17509257793426514	0.039181217551231384	0.0763632282614708	-0.07390471547842026	-0.05624285712838173	0.0469842366874218	-0.1445881724357605	-0.2240036278963089	-0.12581072747707367	0.12481082230806351	-0.04341072589159012	0.11055584996938705	-0.08914191275835037	-0.08688598871231079	0.030530814081430435	0.09800304472446442	-0.12994439899921417	-0.1631862372159958	0.22163891792297363	0.1672825813293457	0.0023696827702224255	0.023102574050426483	-0.06848938763141632	0.09755097329616547	-0.09863130003213882	0.13845717906951904	-0.012275520712137222	0.19335955381393433	0.016766386106610298	-0.028221530839800835	-0.16004779934883118	-0.00875707808881998	-0.04245099797844887	-0.0992593914270401	-0.06345142424106598	0.03863108903169632	-0.001085034804418683	-0.24751457571983337	0.13279831409454346	-0.0932520180940628	0.015693124383687973	-0.07853300869464874	0.003490907372906804	-0.034104231745004654	0.153967022895813	0.05596981942653656	-0.014725275337696075	0.05116071552038193	-0.14358705282211304	-0.08376975357532501	0.09306316822767258	0.03718184307217598	0.17325544357299805
http://www.semanticweb.org/eNOVATION-ontology#offersService	-0.06631653755903244	0.14659243822097778	0.07488547265529633	-0.14577357470989227	0.08724811673164368	0.043021343648433685	0.07843837887048721	0.14507214725017548	-0.04242365434765816	-0.0064185201190412045	0.10647808760404587	0.12286723405122757	0.021612808108329773	0.13247503340244293	0.10769163817167282	-0.0961453914642334	-0.19492115080356598	0.004669753834605217	0.13584329187870026	-0.12306816875934601	-0.17179712653160095	-0.006973110605031252	0.08415976166725159	0.05396326631307602	-0.06671125441789627	-0.044158630073070526	-0.039260249584913254	-0.05996440723538399	0.1408957690000534	-0.07421929389238358	-0.06191670522093773	0.09313986450433731	0.048953358083963394	-0.06868163496255875	0.0581786185503006	-0.18010571599006653	0.16962949931621552	0.09411508589982986	0.09553223103284836	-0.06569866091012955	-0.08780144900083542	0.11603298783302307	-0.10393153131008148	0.1683940291404724	-0.1571250557899475	0.10253193229436874	-0.09214992076158524	-0.11431296169757843	-0.007408659905195236	0.08711393922567368	-0.17934438586235046	-0.059483785182237625	0.18474380671977997	0.04695553705096245	-0.007697192952036858	-0.05946657434105873	0.06454146653413773	-0.20795170962810516	0.0720992460846901	0.09876419603824615	-0.09260399639606476	0.2046106606721878	0.17621435225009918	-0.1283469796180725	0.0033350337762385607	-0.10611031949520111	0.13405004143714905	-0.15021099150180817	0.07662953436374664	0.14090216159820557	0.023527756333351135	-0.10584358125925064	0.016532156616449356	0.20259642601013184	0.048393890261650085	0.04085952416062355	0.054886337369680405	0.020673517137765884	-0.13598082959651947	-0.041353002190589905	0.08550924807786942	-0.028116736561059952	0.07054223865270615	0.07155892997980118	-0.024534255266189575	0.05611962825059891	-0.026074111461639404	-0.05627049505710602	-0.2308102697134018	0.06451084464788437	0.12729540467262268	-0.13199324905872345	-0.03439635783433914	0.05999334156513214	-0.061776209622621536	0.029942717403173447	-0.05852765217423439	0.06585492193698883	-0.09965905547142029	0.06905687600374222
http://www.semanticweb.org/eNOVATION-ontology#offersTrainingMethod	-0.2355291247367859	0.10447320342063904	-0.1147897019982338	0.09069442749023438	0.02687717042863369	-0.07357814908027649	-0.06137530878186226	-0.04346563667058945	0.17753860354423523	0.10889598727226257	0.14752301573753357	0.16593025624752045	-0.03488956764340401	0.05681693181395531	0.050178539007902145	-0.08638488501310349	-0.05528753623366356	-0.11919113248586655	0.009396626614034176	0.18312540650367737	-0.28162840008735657	-0.2178179770708084	-0.08571307361125946	0.1873989850282669	-0.16257448494434357	-0.049895379692316055	-0.07287061214447021	0.1262887716293335	-0.023234108462929726	-0.02922780066728592	0.05391077324748039	-0.0582866296172142	0.15349282324314117	0.1624385565519333	0.05291242152452469	-0.11520296335220337	0.07105795294046402	0.09284775704145432	-0.08072689920663834	-0.1529960334300995	-0.22930140793323517	-0.028356827795505524	0.07038255780935287	-0.0436381921172142	-0.10899174958467484	-0.07434125244617462	-0.15582165122032166	-0.10652890056371689	-0.2001347690820694	0.13636215031147003	-0.047549694776535034	-0.10757790505886078	-0.09053599834442139	0.0768413096666336	-0.08763118088245392	-0.05510402470827103	-0.19137540459632874	-0.06484637409448624	-0.08256743848323822	-0.18784157931804657	-0.0796319991350174	0.13284499943256378	0.0538196824491024	0.2414688616991043	0.1676088571548462	-0.11279906332492828	0.21927571296691895	-0.21729759871959686	0.057987332344055176	-0.11945031583309174	0.23899242281913757	-0.09079016000032425	0.11422954499721527	0.17927484214305878	0.06901217252016068	0.2030062973499298	-0.1682034730911255	0.20446157455444336	-0.09906335920095444	0.08524707704782486	0.07719233632087708	0.014330525882542133	0.07342959940433502	-0.07064429670572281	-0.10975348204374313	0.11564521491527557	0.21264193952083588	-0.1858871877193451	0.10764359682798386	-0.23437051475048065	0.12908102571964264	-0.03537483513355255	-0.02080823853611946	0.10645090788602829	0.1650594174861908	0.02162281423807144	-0.1343967616558075	-0.07222592830657959	0.08302275091409683	-0.1826113760471344
http://www.semanticweb.org/eNOVATION-ontology#organizesExercise	-0.015221181325614452	0.2624625563621521	0.10373102873563766	0.01540685910731554	0.09714291989803314	-0.04278571531176567	-0.1415020078420639	0.027456212788820267	0.06144839525222778	0.14222374558448792	-0.08409029245376587	0.16791565716266632	0.09803050011396408	0.07245638221502304	0.07729954272508621	-0.1388293355703354	0.050837017595767975	-0.10500118136405945	-0.03307519853115082	0.11491904407739639	-0.22601929306983948	0.08001815527677536	-0.07645109295845032	0.10817963629961014	-0.18034054338932037	-0.08201612532138824	0.014847489073872566	-0.07425449788570404	-0.07604388892650604	-0.0616588220000267	0.04023027792572975	0.02640664204955101	-0.062155645340681076	-0.014723790809512138	-0.0214884914457798	-0.2334849089384079	0.14452780783176422	-0.11457603424787521	-0.06310008466243744	-0.2650644779205322	-0.24141760170459747	-0.13828875124454498	0.13257943093776703	-0.018771084025502205	0.054793525487184525	0.10324404388666153	0.12792666256427765	-0.02934696525335312	0.01817466877400875	0.1274089366197586	0.13827937841415405	0.14522089064121246	-0.02454891800880432	-0.030581803992390633	-0.20892733335494995	-0.019400283694267273	-0.2216929793357849	-0.1213267371058464	-0.027934962883591652	0.03290874883532524	-0.09903079271316528	-0.0031303202267736197	-0.02701227180659771	-0.18626080453395844	-0.020648103207349777	0.03133606165647507	0.2068270593881607	-0.13871189951896667	-0.04815211892127991	0.036751192063093185	0.03331710398197174	0.12603317201137543	0.0886981189250946	-0.06414167582988739	-0.16678354144096375	0.09844668954610825	-0.023243410512804985	0.1447281539440155	-0.2194826304912567	0.055411502718925476	0.12238528579473495	-0.14374659955501556	0.011733883060514927	-0.1457667201757431	-0.07089938223361969	-0.09168196469545364	0.05687646567821503	0.09006834030151367	0.08858790248632431	-0.13334383070468903	0.09828390926122665	0.15719126164913177	0.04723203554749489	0.15155147016048431	-0.02886657789349556	-0.030935408547520638	-0.0027696536853909492	-0.06083499640226364	0.21454007923603058	-0.10368559509515762
http://www.semanticweb.org/eNOVATION-ontology#providesTrainingCourse	-0.03716585785150528	0.010655097663402557	0.14601105451583862	-0.26117461919784546	0.13347198069095612	0.09945676475763321	0.11019881069660187	-0.012853479944169521	0.03831961378455162	0.12270967662334442	0.11757855117321014	0.12380649894475937	-0.17518296837806702	0.07518114149570465	0.04494689777493477	-0.14237584173679352	0.06806077808141708	0.05971427261829376	-0.29428210854530334	0.019668616354465485	0.056003060191869736	0.0005425078561529517	-0.19279450178146362	0.22743768990039825	-0.1659616380929947	0.1495654433965683	0.18490727245807648	0.10646229237318039	-0.10898496955633163	0.13036790490150452	-0.1900547444820404	0.04986243322491646	0.004494369961321354	-0.037046391516923904	0.06737330555915833	-0.23631688952445984	0.08354906737804413	-0.038724061101675034	-0.05795634165406227	-0.12964782118797302	-0.2033502608537674	0.1201976016163826	-0.14095473289489746	-0.2039293497800827	0.05610371753573418	-0.07994353771209717	0.14479780197143555	0.08225538581609726	0.10081250220537186	-0.1020360141992569	-0.007110766600817442	0.017836470156908035	0.0009494393016211689	-0.09676173329353333	-0.07819642871618271	0.044961560517549515	-0.027059588581323624	0.04887901246547699	0.04992958530783653	-0.09236598014831543	0.12606924772262573	0.22771771252155304	-0.03832300007343292	0.07191161811351776	0.20378634333610535	-0.031237348914146423	-0.13510632514953613	-0.05807298421859741	-0.07834502309560776	-0.07488586753606796	0.2520188093185425	-0.04192127287387848	0.18140709400177002	0.19076523184776306	-0.03074808046221733	0.1403515785932541	0.12170097976922989	-0.1094689890742302	-0.14007988572120667	0.003480173647403717	-0.1817486584186554	0.0424918606877327	0.23319317400455475	0.02139325626194477	-0.1777564436197281	0.07386067509651184	0.2288573980331421	0.0213118027895689	-0.040816906839609146	-0.05090050771832466	-0.053648293018341064	0.10117609798908234	-0.0640457347035408	0.09614621847867966	0.0881420224905014	0.04574206471443176	0.04106919467449188	-0.11439143121242523	-0.047853320837020874	-0.10376910120248795
http://www.semanticweb.org/eNOVATION-ontology#tacklesIncident	0.16187208890914917	0.04841305688023567	-0.040428318083286285	-0.12317801266908646	0.011416874825954437	-0.17156967520713806	0.020424053072929382	-0.02865280583500862	0.12898632884025574	0.1810327023267746	0.2875739634037018	-0.16627134382724762	-0.05505722016096115	-0.011394658125936985	0.23759914934635162	-0.15701088309288025	0.023528484627604485	-0.004432160872966051	-0.1858666092157364	0.1793355792760849	0.07183785736560822	-0.022233840078115463	-0.15628927946090698	-0.10747665911912918	0.004486446734517813	-0.047915056347846985	-0.058035872876644135	-0.1012653335928917	-0.09135449677705765	0.12346628308296204	0.12860557436943054	-0.038820989429950714	0.0994514524936676	-0.12899146974086761	0.0033129602670669556	-0.11846373975276947	0.19672256708145142	-0.06529463827610016	0.04894469305872917	0.05650457367300987	0.0618613138794899	-0.07979082316160202	-0.13775289058685303	-0.07212578505277634	-0.25112026929855347	0.042342256754636765	-0.0655883327126503	0.033839233219623566	0.06618820875883102	0.04610561206936836	-0.00916656106710434	-0.038145456463098526	0.07483892142772675	-0.09118068218231201	-0.04428650066256523	0.17052116990089417	-0.19703008234500885	-0.08527673035860062	-0.11397062242031097	0.04412569850683212	-0.17710429430007935	0.10556206852197647	0.1564875841140747	-0.060089077800512314	-0.11195136606693268	-0.1855972707271576	0.05162105709314346	-0.09321074187755585	-0.0943278968334198	0.14769594371318817	-0.09123638272285461	-0.11409851908683777	-0.04591571167111397	-0.114003024995327	0.16042488813400269	0.21149542927742004	0.08454416692256927	0.08666486293077469	0.041159626096487045	0.02857607789337635	-0.13363374769687653	-0.12470188736915588	0.11508788913488388	-0.14044617116451263	-0.0834115743637085	0.03440188989043236	-0.08724188059568405	0.14221930503845215	-0.16556887328624725	0.035705313086509705	0.044313620775938034	-0.11895937472581863	-0.0481802299618721	-0.08623073995113373	-0.17841492593288422	-0.09196999669075012	-0.00847119651734829	0.005402614362537861	0.14778578281402588	-0.16076666116714478
http://www.semanticweb.org/eNOVATION-ontology#teachesCourse	0.010391190648078918	-0.05961669608950615	-0.10327228158712387	-0.01534224022179842	-0.11847954243421555	0.08426670730113983	-0.1136074885725975	-0.05162115395069122	-0.04404434189200401	0.1383126974105835	0.055493004620075226	-0.012779967859387398	-0.08684053272008896	0.06710292398929596	-0.2107038050889969	-0.10647793114185333	-0.08980085700750351	0.010957184247672558	-0.04747622087597847	0.14026035368442535	-0.023846283555030823	-0.015457816421985626	0.016324911266565323	0.026688000187277794	0.06720884144306183	0.025460464879870415	0.005002764519304037	0.026273928582668304	-0.0521983727812767	0.016910962760448456	0.10165305435657501	0.10586142539978027	-0.10669862478971481	0.15972061455249786	0.032325826585292816	-0.16315628588199615	0.09662779420614243	0.13976512849330902	-0.08838504552841187	0.14356260001659393	-0.13538211584091187	0.0073928856290876865	0.015679044649004936	-0.12797242403030396	-0.08329278230667114	-0.14204968512058258	0.052032049745321274	0.06591779738664627	-0.0811995416879654	-0.06999873369932175	-0.16053147614002228	0.11959007382392883	0.0330205000936985	0.05134786292910576	-0.15862038731575012	0.13602612912654877	-0.06275756657123566	-0.13843029737472534	-0.136291965842247	-0.13855500519275665	0.09207361936569214	0.16276881098747253	0.12748540937900543	0.021024290472269058	0.1305140256881714	-0.10497329384088516	-0.06674708425998688	-0.14017538726329803	0.16350610554218292	0.1044275239109993	0.03287152573466301	-0.15311671793460846	0.15876983106136322	0.001754078664816916	-0.047445863485336304	0.09281226247549057	0.12718865275382996	-0.02910649962723255	-0.1117367222905159	0.00844553206115961	-0.0955752357840538	0.06097571179270744	0.057126518338918686	0.022482043132185936	-0.06386138498783112	0.13204142451286316	-0.048155173659324646	-0.05943747237324715	0.0990050807595253	-0.03553580492734909	0.052909303456544876	-0.020858854055404663	0.05483303591609001	-0.14769436419010162	-0.1216983050107956	-0.09468800574541092	-0.028099974617362022	-0.15132179856300354	0.06448089331388474	-0.184594064950943
http://www.semanticweb.org/eNOVATION-ontology#trainsOnTechnology	-0.016887594014406204	-0.07743892818689346	0.15384946763515472	0.14453068375587463	0.04240355268120766	0.18780194222927094	-0.11621631681919098	-0.12714803218841553	-0.17236830294132233	0.03020046465098858	0.07697261869907379	0.08285598456859589	-0.09947913140058517	0.1244761198759079	-0.09407654404640198	0.05332311987876892	0.10234685242176056	-0.07423382252454758	0.011783720925450325	0.10864777863025665	-0.0374385230243206	-0.10540218651294708	0.10842306911945343	0.07883898913860321	-0.09264449775218964	-0.1830296516418457	0.13904660940170288	-0.11610099673271179	0.14289143681526184	-0.091663658618927	0.12400935590267181	-0.027155552059412003	-0.07896099984645844	-0.0950852781534195	-0.02098003588616848	0.11200053244829178	0.0034508865792304277	0.005152838304638863	0.1565348356962204	0.14762049913406372	-0.023907320573925972	0.07706882059574127	0.051853470504283905	0.13833066821098328	0.12102904915809631	0.09207896888256073	0.1710996925830841	-0.06410641223192215	-0.12194041907787323	-0.20684857666492462	-0.03239563852548599	-0.04348772019147873	0.1825064867734909	0.11092805117368698	-0.06992293149232864	0.11229944229125977	0.009046430699527264	-0.12535731494426727	-0.1175542026758194	-0.032187189906835556	0.05016055330634117	-0.04976819083094597	0.14934371411800385	0.1320551186800003	-0.04578549787402153	-0.055564042180776596	-0.05041016638278961	0.15791457891464233	-0.07332858443260193	-0.06161037087440491	0.03842082619667053	-0.10303602367639542	-0.1401936411857605	-0.003162419656291604	0.13329102098941803	0.031748924404382706	0.12842679023742676	0.04798738285899162	-0.10755275189876556	-0.23250210285186768	0.10622979700565338	0.10253071784973145	-0.1624249964952469	-0.08264853060245514	-0.07052037119865417	0.09029039740562439	0.06160251423716545	-0.10946741700172424	0.11755538731813431	-0.08225902915000916	-0.13436101377010345	-0.13214397430419922	-0.03761307895183563	0.09686841070652008	-0.032584626227617264	-0.06417231261730194	-0.0859086811542511	-0.03234187886118889	-0.20562675595283508	0.06919050216674805
http://www.semanticweb.org/eNOVATION-ontology#usesEvaluationMethod	-0.1404784470796585	-0.0535723939538002	0.1559566855430603	0.21229399740695953	0.05262476205825806	-0.10471818596124649	-0.15011754631996155	-0.1312084048986435	-0.22912704944610596	0.16999495029449463	0.11606637388467789	-0.1158284991979599	-0.10643994063138962	-0.05519702658057213	0.06876582652330399	0.16955062747001648	0.09317562729120255	-0.06071556732058525	-0.08567947149276733	0.13116632401943207	0.03998186066746712	-0.15852952003479004	-0.13283905386924744	-0.10483845323324203	0.2710960805416107	0.07612959295511246	-0.1079087033867836	-0.08160491287708282	-0.08263986557722092	-0.06857051700353622	0.2085271030664444	0.2163066416978836	0.10726582258939743	-0.1557358205318451	-0.24981330335140228	0.17429473996162415	0.11702922731637955	0.17218995094299316	0.21393492817878723	0.06445564329624176	0.08706146478652954	0.1733461320400238	-0.10173102468252182	0.17362916469573975	0.15003015100955963	0.04146907851099968	0.12833772599697113	-0.151312917470932	-0.14203967154026031	-0.13933657109737396	-0.14840155839920044	0.2897753417491913	-0.20675769448280334	0.1503850370645523	-0.1384684294462204	0.08277697116136551	-0.14126980304718018	-0.13584262132644653	0.12105131149291992	-0.11697900295257568	0.18575839698314667	-0.04712042957544327	-0.18106095492839813	-0.08238822221755981	0.12324389815330505	-0.18183942139148712	0.06606430560350418	0.04088262468576431	0.1979989856481552	0.08926892280578613	-0.13007889688014984	-0.10171140730381012	-0.0638124868273735	0.22949790954589844	0.03246841952204704	0.14441807568073273	-0.059829361736774445	0.06554137170314789	0.14771127700805664	-0.16168008744716644	0.0693482756614685	0.04736779257655144	0.07523435354232788	-0.09271924942731857	0.08837230503559113	-0.1196027547121048	0.11873777955770493	0.11616136133670807	-0.1113792359828949	0.09884316474199295	-0.05257553234696388	-0.21283240616321564	0.1414591372013092	0.10680203884840012	0.07518510520458221	0.17247165739536285	-0.15356503427028656	0.10196477174758911	0.2572627067565918	-0.08027010411024094
http://www.semanticweb.org/eNOVATION-ontology#usesResource	0.16411621868610382	-0.06046544015407562	0.07824815809726715	-0.0055062612518668175	0.17330506443977356	0.05239555612206459	0.061270661652088165	0.017905395478010178	-0.010521965101361275	0.23789449036121368	-0.09537092596292496	0.024334611371159554	-0.13610117137432098	0.13767600059509277	0.07593341916799545	0.04859137907624245	0.04039568454027176	0.11842874437570572	-0.16216181218624115	0.169792041182518	0.07597203552722931	-0.050494007766246796	-0.08356756716966629	0.14112959802150726	0.014928774908185005	-0.0686674490571022	-0.014147892594337463	0.03643285483121872	0.254116952419281	-0.05994706600904465	0.025335168465971947	-0.02881288342177868	0.18070746958255768	-0.05014314502477646	-0.15252475440502167	0.11840125918388367	0.10996957123279572	0.0287218876183033	0.08953988552093506	0.009282540529966354	0.1404721587896347	0.03815879672765732	-0.1840643435716629	0.11481007188558578	0.10102967172861099	0.11478134244680405	0.10891494154930115	-0.12917451560497284	-0.07378670573234558	0.052199382334947586	-0.05614488199353218	-0.08090049773454666	0.01230834610760212	-0.12190376222133636	0.12129343301057816	-0.13008807599544525	-0.08291024714708328	-0.0457015335559845	0.09810566902160645	0.0770566537976265	-0.10275491327047348	0.0368119515478611	0.048295870423316956	0.07228095084428787	0.1691242903470993	0.11319707334041595	0.16620898246765137	0.05555105581879616	0.14526888728141785	0.04311131313443184	0.1354532092809677	-0.06983795017004013	0.11353335529565811	0.012171243317425251	-0.019056392833590508	-0.11505088210105896	0.061272699385881424	0.05394582077860832	0.1800832897424698	-0.019081298261880875	-0.05678177997469902	0.026012098416686058	-0.11158834397792816	0.09099797159433365	-0.005941187962889671	0.07903798669576645	-0.08982536196708679	0.014671014621853828	-0.0775153711438179	-0.17397211492061615	0.009580337442457676	-0.22101351618766785	0.07497519999742508	-0.029203254729509354	-0.038998350501060486	-0.06302798539400101	-0.07839077711105347	-0.06892906874418259	-0.1048719584941864	0.04168146476149559
http://www.semanticweb.org/eNOVATION-ontology#usesSOP	0.04622650891542435	0.10981819033622742	0.1465989053249359	-0.17124134302139282	0.16847169399261475	0.04165594279766083	0.06535746902227402	0.13989800214767456	-0.10459159314632416	0.14336493611335754	0.06138339638710022	0.03786221519112587	0.10878093540668488	0.19681622087955475	0.0957060232758522	-0.1296403706073761	0.10108821839094162	0.22784945368766785	-0.09181158989667892	0.05104456841945648	-0.2300489842891693	-0.1872168481349945	0.05719899386167526	0.08214523643255234	-0.06697778403759003	0.10160436481237411	0.12130112200975418	0.09022101759910583	0.15685546398162842	0.10221492499113083	-0.04798537865281105	0.08539137989282608	-0.13337342441082	-0.022682415321469307	0.03786926344037056	-0.22454774379730225	0.14584983885288239	-0.14084310829639435	-0.21346347033977509	-0.11872963607311249	0.05814731493592262	0.023638810962438583	0.014557154849171638	-0.04031480848789215	0.10244560241699219	-0.07935906946659088	0.030421791598200798	-0.16595573723316193	0.0830891877412796	-0.03709127753973007	-0.18025828897953033	-0.12251702696084976	0.0634208396077156	-0.07614428550004959	0.09377770870923996	0.16649387776851654	0.17999526858329773	-0.02386379800736904	-0.2603789269924164	0.11984619498252869	0.06193855032324791	-0.019186684861779213	-0.01752062328159809	0.26896244287490845	-0.1459634006023407	-0.049604859203100204	0.12096154689788818	-0.04542895406484604	0.09972602128982544	-0.14464762806892395	0.15381723642349243	0.0325404591858387	0.09585249423980713	-0.13721781969070435	0.14546677470207214	-0.15818433463573456	-0.23930512368679047	-0.01405311468988657	-0.18451085686683655	-0.10301744937896729	-0.08492832630872726	-0.0682549700140953	0.040074966847896576	-0.09059753268957138	-0.1270783692598343	0.1437094360589981	0.05022377520799637	0.051296673715114594	-0.06924793869256973	-0.0779256746172905	-0.12181966751813889	0.03296033293008804	-0.02172636240720749	-0.12598195672035217	0.03518786281347275	0.10133127123117447	-0.05452213063836098	0.09274948388338089	0.08727358281612396	0.16620640456676483
http://www.semanticweb.org/eNOVATION-ontology#usesTechnology	0.09272710233926773	0.14247485995292664	-0.016963042318820953	-0.11300218850374222	-0.0410783626139164	0.07027652859687805	-0.06779294461011887	0.16665595769882202	-0.13008183240890503	0.06489250063896179	0.07642442733049393	-0.050783585757017136	-0.09177564084529877	0.10835824906826019	0.04931182786822319	-0.016818691045045853	0.05727098882198334	0.07168853282928467	-0.12290237843990326	-0.11257238686084747	-0.07307549566030502	-0.04693203791975975	-0.08226145803928375	0.13851343095302582	0.061738256365060806	0.02385742962360382	-0.022706368938088417	0.19196733832359314	-0.03897636756300926	-0.08799118548631668	0.00860805157572031	-0.1253332644701004	0.047948457300662994	-0.20523479580879211	-0.05708820000290871	-0.18027791380882263	-0.10431642830371857	-0.1834934502840042	-0.17238765954971313	-0.13031435012817383	-9.95179834717419e-06	0.14122748374938965	-0.13477614521980286	0.14617903530597687	0.08024238795042038	0.1734653264284134	8.050283940974623e-05	-0.049651190638542175	-0.0021735294722020626	-0.09509555995464325	0.19277727603912354	-0.05230153724551201	0.14280954003334045	-0.26518532633781433	-0.2509635388851166	0.1979549080133438	0.12802213430404663	0.0718396008014679	-0.01289342064410448	0.03542473167181015	0.170247420668602	-0.13673943281173706	0.10151118785142899	-0.12826576828956604	-0.0984186977148056	-0.15260739624500275	0.011763064190745354	0.06851217150688171	0.08316320925951004	-0.0011804213281720877	-0.11404374986886978	-0.1435512751340866	-0.08989791572093964	-0.08135746419429779	0.023664288222789764	0.1146145761013031	-0.16458988189697266	-0.036397624760866165	-0.24137048423290253	-0.1650250107049942	0.059399280697107315	0.08901161700487137	0.06504029780626297	-0.09068387746810913	-0.11854449659585953	0.12221410870552063	0.06767035275697708	-0.12268635630607605	-0.08712536841630936	-0.11416471004486084	0.11944961547851562	-0.06769125163555145	0.055807437747716904	0.03779107704758644	-0.07499124854803085	-0.11179626733064651	-0.06247087940573692	-0.12985390424728394	-0.03231403976678848	0.0685906782746315
http://www.semanticweb.org/eNOVATION-ontology#usesTrainingMethod	-0.009709673002362251	0.12998810410499573	0.13763420283794403	-0.1294018179178238	0.037994902580976486	0.07595854252576828	0.1433497965335846	0.09686229377985	0.1653263419866562	-0.12285792827606201	0.10274077206850052	-0.07622434198856354	0.10318108648061752	0.011551173403859138	0.12588661909103394	0.0502835176885128	-0.026806510984897614	-0.13464033603668213	-0.012154443189501762	0.014528774656355381	-0.11071339249610901	0.062424659729003906	-0.1659463495016098	-0.021734850481152534	0.031970903277397156	0.10626848042011261	-0.07061696797609329	0.03270788863301277	-0.09652712941169739	0.14037735760211945	0.10692006349563599	-0.08094880729913712	-0.038928255438804626	0.016460426151752472	0.144748255610466	0.07213114202022552	-0.06702887266874313	-0.02041916735470295	-0.028700334951281548	-0.0933472216129303	0.03672891482710838	-0.13332301378250122	-0.11226042360067368	-0.08442436903715134	-0.08133197575807571	0.16264967620372772	0.1295561045408249	-0.014555616304278374	0.03149867802858353	0.014669772237539291	0.10728362202644348	-0.021935146301984787	-0.05718204379081726	0.09812355786561966	-0.12311859428882599	0.14519362151622772	0.020753761753439903	0.10946107655763626	-0.11195221543312073	0.06711526215076447	-0.04137985035777092	-0.08783813565969467	-0.08027826249599457	-0.09758742898702621	0.011360288597643375	0.11053033173084259	0.11117218434810638	-0.1441228687763214	-0.12264014780521393	-0.04614950343966484	-0.15340037643909454	0.14595633745193481	-0.12628674507141113	0.006479091942310333	-0.028471052646636963	0.05778057873249054	0.16800978779792786	-0.13322852551937103	-0.033899810165166855	-0.0020093522034585476	-0.09586604684591293	0.09586907923221588	0.0005077178357169032	-0.06070179119706154	-0.08674744516611099	0.01996557228267193	0.0313681922852993	-0.16002462804317474	-0.09695430099964142	0.14262408018112183	-0.17110182344913483	-0.13691067695617676	0.012333979830145836	0.09820719808340073	-0.11243293434381485	0.06597127765417099	0.1696474254131317	0.11435487866401672	-0.1649627387523651	-0.08033302426338196
http://www.w3.org/1999/02/22-rdf-syntax-ns#type	0.026552075520157814	0.13941816985607147	-0.08481656014919281	-0.09762755781412125	-0.11660145968198776	-0.1011180728673935	-0.04375174641609192	-0.11252958327531815	-0.062001679092645645	0.07388793677091599	-0.09622956812381744	0.04314873740077019	0.1369447261095047	-0.19137929379940033	-0.11924756318330765	0.15823544561862946	-0.027230294421315193	0.0638745129108429	0.1389537900686264	0.18512989580631256	-0.08195135742425919	0.03811941295862198	0.10228066146373749	0.07123814523220062	-0.10474129021167755	0.0947221964597702	0.17817732691764832	0.12266486138105392	0.16723206639289856	0.17196588218212128	0.04782073572278023	-0.06342609226703644	-0.06342444568872452	-0.1069578230381012	0.08179886639118195	-0.1623084843158722	-0.02307352051138878	-0.04832901805639267	-0.12370516359806061	-0.024446753785014153	-0.06354180723428726	0.053241368383169174	-0.1925450712442398	-0.0830579325556755	-0.10505803674459457	-0.07225104421377182	-0.0988752543926239	0.10598727315664291	0.17078690230846405	0.06883645802736282	0.0033892146311700344	0.024422630667686462	-0.08441628515720367	0.0891924574971199	-0.07730425894260406	-0.07070697844028473	0.14461509883403778	-0.06116271764039993	-0.04533567279577255	-0.09990667551755905	0.12019921094179153	-0.027058055624365807	0.11446691304445267	0.11317780613899231	-0.12444444745779037	0.14231981337070465	0.18585875630378723	0.02950877696275711	0.079712875187397	-0.12216600030660629	-0.05727437138557434	0.0790499746799469	-0.10886170715093613	0.12197558581829071	-0.03774864226579666	-0.12277423590421677	0.10907334089279175	-0.10965237766504288	-0.05140264332294464	-0.01776753179728985	-0.07362677901983261	-0.22857987880706787	-0.16747429966926575	0.060105156153440475	0.10227686166763306	0.03473474457859993	-0.07317847013473511	-0.034644030034542084	-0.06416778266429901	0.09819851070642471	0.050169821828603745	-0.09301535785198212	-0.07281245291233063	-0.08684360235929489	-0.05952128395438194	0.09603866189718246	0.07460533082485199	0.108435720205307	-0.03587394580245018	0.068670853972435
http://www.w3.org/2000/01/rdf-schema#domain	-0.10875890403985977	0.2453630566596985	-0.18189649283885956	0.10196553170681	-0.08196048438549042	-0.1301909238100052	-0.08495607227087021	-0.2643374800682068	-0.016331836581230164	-0.05044999718666077	0.07188664376735687	0.22876474261283875	0.07775703817605972	0.045563068240880966	-0.1311168223619461	0.14340072870254517	0.1271011233329773	-0.12975095212459564	0.0870204046368599	0.1893816739320755	0.09643266350030899	-0.1647910624742508	0.2772292494773865	-0.09722696989774704	-0.129998579621315	0.11681781709194183	0.3591865301132202	0.26722073554992676	-0.10610461980104446	-0.09878233075141907	-0.13611556589603424	-0.07698880136013031	-0.0016169206937775016	0.04323657974600792	0.015492910519242287	-0.10412608087062836	0.07325544208288193	-0.16837598383426666	-0.1691649854183197	0.07793785631656647	-0.1548454910516739	0.12131928652524948	0.03679819405078888	-0.18048658967018127	0.07282501459121704	-0.1276187300682068	0.03967847302556038	-0.04796791076660156	0.2849122881889343	0.16940937936306	0.08688667416572571	-0.10602869838476181	-0.06675615906715393	0.06926712393760681	0.017530594021081924	-0.10808486491441727	0.07184333354234695	0.12400422990322113	0.10507521778345108	-0.03966803848743439	0.054809968918561935	0.047678861767053604	0.27966398000717163	0.13080047070980072	0.03926794230937958	0.18039357662200928	0.01953175850212574	0.09698571264743805	-0.06972260028123856	-0.18873213231563568	0.15462514758110046	0.05229976773262024	-0.0057685296051204205	0.016374194994568825	-0.19789975881576538	-0.09424339979887009	0.06487053632736206	0.05024716258049011	-0.07639114558696747	0.11340809613466263	-0.07605239748954773	-0.40594321489334106	0.02970140427350998	-0.03453989699482918	0.014732077717781067	-0.09072083234786987	-0.09267038851976395	-0.08810378611087799	0.1403263509273529	0.32921484112739563	-0.1295137107372284	-0.1172725260257721	0.005091478116810322	0.08364829421043396	-0.13415415585041046	0.0989886000752449	0.26980385184288025	0.25288572907447815	-0.050282157957553864	-0.09408368170261383
http://www.w3.org/2000/01/rdf-schema#isDefinedBy	-0.12870678305625916	-0.13166658580303192	0.1875259429216385	-0.07615359127521515	-0.15749143064022064	0.16363708674907684	-0.06089990213513374	0.1521698534488678	0.01754608564078808	-0.056360095739364624	-0.12966260313987732	-0.008182816207408905	0.11499444395303726	0.03777232766151428	-0.07109133154153824	0.10703271627426147	0.034527044743299484	-0.0563306100666523	-0.16379806399345398	-0.15193024277687073	0.004281516652554274	0.16037870943546295	0.25395381450653076	0.16665880382061005	-0.09286236017942429	-0.08304262161254883	0.006062840577214956	0.12757505476474762	-0.17758718132972717	0.07947467267513275	0.03530215471982956	0.14380967617034912	-0.11815423518419266	-0.0740305706858635	0.050049953162670135	0.09906250983476639	0.05462747439742088	0.055014196783304214	-0.05810622498393059	0.13889648020267487	0.07853564620018005	-0.008737686090171337	-0.18577058613300323	0.10210205614566803	0.05819347873330116	0.22983674705028534	-0.07028651982545853	0.06945392489433289	0.025440484285354614	-0.0404362790286541	0.017560038715600967	0.13726185262203217	0.14720594882965088	-0.15312935411930084	0.13762116432189941	-0.05712343752384186	-0.09887179732322693	0.13959616422653198	0.03547065332531929	-0.08502321690320969	0.09703488647937775	0.05174434557557106	0.10441383719444275	-0.12525181472301483	0.20419082045555115	-0.1002248078584671	-0.23486925661563873	-0.23232822120189667	-0.09083175659179688	-0.08247586339712143	-0.10362206399440765	-0.022549213841557503	-0.07710225135087967	-0.21020661294460297	-0.10113620012998581	-0.07362981885671616	0.021918267011642456	0.028084248304367065	-0.06272432953119278	-0.01160926278680563	-0.0706695094704628	-0.024586547166109085	-0.22293825447559357	0.09381836652755737	-0.1423214077949524	-0.0918603241443634	-0.03974102437496185	0.09341364353895187	0.04878383129835129	0.10106232762336731	-0.14363494515419006	0.11044395714998245	-0.06943271309137344	-0.0818774625658989	0.0601528100669384	-0.08882962167263031	-0.11268740892410278	-0.060676272958517075	0.2643982172012329	0.10309605300426483
http://www.w3.org/2000/01/rdf-schema#range	-0.0886932760477066	0.2490481436252594	-0.12811341881752014	0.06421376764774323	-0.01805872470140457	-0.059323012828826904	-0.19834190607070923	-0.2965930700302124	-0.03875243663787842	-0.09246212989091873	-0.022916728630661964	0.1445073038339615	-0.10887706279754639	0.09665542840957642	-0.052002955228090286	-0.045368555933237076	-0.09283926337957382	-0.0470297634601593	-0.12749965488910675	0.03583651781082153	0.10081957280635834	-0.1220821738243103	0.25454843044281006	-0.15771619975566864	-0.09811840206384659	-0.09038259088993073	0.27843889594078064	0.22504575550556183	0.1022828221321106	0.25759488344192505	-0.10082269459962845	0.10084246098995209	-0.21565845608711243	0.016682617366313934	-0.08842750638723373	-0.2116430252790451	0.12670034170150757	-0.15205517411231995	-0.09828175604343414	0.15458446741104126	-0.1613953411579132	-0.06579279154539108	-0.1997748464345932	-0.18146255612373352	-0.05620415508747101	-0.23998922109603882	0.01607685349881649	0.0692627802491188	0.23584361374378204	0.20745165646076202	-0.08840678632259369	-0.07328009605407715	-0.058215875178575516	0.14005838334560394	0.041946664452552795	-0.15707823634147644	-0.004965412896126509	0.01718842424452305	0.06103358417749405	-0.03724272921681404	0.12326604872941971	0.09841863065958023	0.2986793518066406	0.22910451889038086	-0.05015687271952629	0.1202077716588974	-0.02361356094479561	0.06136598438024521	0.12604014575481415	-0.23798635601997375	0.13809020817279816	0.09667573124170303	-0.1849568784236908	-0.12724149227142334	-0.14787711203098297	-0.11820338666439056	0.22110296785831451	0.004499694332480431	-0.0784386545419693	0.12190135568380356	0.054150648415088654	-0.2849615216255188	-0.019096223637461662	-0.04253501817584038	-0.04410747066140175	-0.018859801813960075	-0.16495104134082794	0.015503393486142159	-0.03852645680308342	0.2503460943698883	-0.20701436698436737	0.05173204466700554	-0.0031152423471212387	0.030329424887895584	-0.06831938028335571	-0.016671333461999893	0.29462358355522156	0.24107185006141663	-0.08543470501899719	0.08561615645885468
http://www.w3.org/2000/01/rdf-schema#seeAlso	-0.09718379378318787	0.03317377343773842	0.21404370665550232	-0.06862502545118332	-0.12135463207960129	-0.05648156255483627	0.04207215458154678	-0.039079781621694565	0.014428266324102879	-0.07418034225702286	0.09621252864599228	-0.020417843014001846	0.05282684788107872	0.03851933404803276	-0.026584642007946968	0.15506352484226227	0.042958058416843414	-0.0008456657524220645	-0.04465103894472122	-0.13318324089050293	-0.12999019026756287	0.15396155416965485	0.29012277722358704	0.09354051947593689	-0.03627129644155502	-0.1095934808254242	-0.05304922163486481	-0.05428297072649002	0.04547496885061264	-0.16679826378822327	0.022710150107741356	-0.02528165839612484	0.028651487082242966	0.049014948308467865	0.04649939015507698	-0.03265067934989929	0.03232284262776375	0.06745368987321854	-0.027705710381269455	0.13113701343536377	-0.18906930088996887	-0.056359026581048965	-0.245449498295784	0.1250559389591217	0.15100915729999542	0.14778560400009155	-0.10584668815135956	0.017287425696849823	0.08978801965713501	-0.0206186193972826	-0.0352851077914238	0.06347166001796722	0.14940378069877625	-0.07843039184808731	0.11682739108800888	-0.05815115571022034	-0.10969677567481995	0.08448667079210281	0.08933080732822418	-0.03902220353484154	0.13904231786727905	0.12180253863334656	-0.026714906096458435	-0.1301545947790146	0.07057199627161026	-0.08245545625686646	-0.22592340409755707	0.11968855559825897	-0.03854100778698921	-0.05684002488851547	-0.13103094696998596	0.07643090188503265	-0.11913308501243591	-0.11554743349552155	0.07603956013917923	-0.05338220298290253	-0.0551336407661438	0.030991535633802414	0.25616079568862915	-0.11013922095298767	-0.07467478513717651	-0.06909002363681793	0.05350121855735779	0.0378684401512146	-0.1424417644739151	-0.06984484940767288	-0.03484371304512024	0.06330616027116776	0.03954261168837547	0.039034802466630936	-0.10843782126903534	-0.06131962314248085	-0.07203473150730133	-0.09720734506845474	0.05514514446258545	0.09984938055276871	0.05250454321503639	0.08110735565423965	-0.06788099557161331	0.032205160707235336
http://www.w3.org/2000/01/rdf-schema#subClassOf	0.10396700352430344	-0.020608533173799515	0.051250770688056946	-0.20444488525390625	0.010496428236365318	-0.16665363311767578	-0.0008643863257020712	-0.07577130943536758	-0.04327762499451637	-0.02030852809548378	0.0741565153002739	-0.11822120100259781	0.04482457414269447	-0.23224076628684998	-0.0008672308176755905	-0.18390724062919617	0.06312676519155502	-0.09885767102241516	-0.03862456977367401	0.2042314112186432	0.04187219589948654	0.19717849791049957	0.0360746867954731	0.025138817727565765	-0.13823512196540833	-0.019667241722345352	0.15211740136146545	0.007332491222769022	-0.08357874304056168	0.21330907940864563	-0.023661084473133087	0.043466683477163315	-0.15412770211696625	-0.004802071955054998	0.04626891016960144	-0.22155924141407013	-0.0021760519593954086	-0.037766631692647934	0.014971505850553513	0.12942753732204437	0.04383532330393791	0.08343670517206192	-0.16282805800437927	0.039896853268146515	-0.04973027855157852	0.03832939639687538	0.011282645165920258	0.0656762421131134	0.28465279936790466	-0.03267480805516243	-0.09943302720785141	0.04827146977186203	0.04049455001950264	0.09165819734334946	-0.08728843927383423	0.1050034686923027	0.25062838196754456	0.0016510251443833113	0.038788750767707825	-0.12718544900417328	-0.01672220416367054	0.10013402253389359	0.08611138164997101	-0.05582655593752861	-0.10029086470603943	0.01315382495522499	-0.07327885925769806	0.08410243690013885	-0.029068097472190857	0.06022023782134056	-0.017791790887713432	-0.09693791717290878	-0.19085213541984558	0.0372016616165638	-0.0742996335029602	0.042278971523046494	0.016484418883919716	-0.10090535879135132	-0.01744312234222889	-0.011815136298537254	0.042599838227033615	-0.18139725923538208	0.03093159757554531	-0.03712839633226395	-0.1505483239889145	0.0970182791352272	0.22015109658241272	0.03502431511878967	0.11766142398118973	-0.06824187189340591	-0.028718354180455208	-0.11596421897411346	0.07678379118442535	-0.09346248209476471	-0.1739349365234375	0.13756409287452698	0.035934291779994965	0.03682207316160202	-0.03870924934744835	0.06960757821798325
http://www.w3.org/2000/01/rdf-schema#subPropertyOf	-0.03336739167571068	0.1935541331768036	-0.013204371556639671	0.02820063941180706	0.14903511106967926	0.17486576735973358	-0.2716887891292572	-0.06877778470516205	0.0950201004743576	-0.01575070060789585	0.061449382454156876	-0.12242430448532104	-0.02848105877637863	0.11568835377693176	-0.04507972672581673	-0.027100026607513428	-0.23686808347702026	0.06220194324851036	-0.007223302498459816	0.05369681119918823	0.075395867228508	0.11909723281860352	0.012474838644266129	-0.06671513617038727	-0.06285631656646729	-0.07647877186536789	-0.055401433259248734	-0.022178983315825462	-0.12216039001941681	0.09253006428480148	0.11225775629281998	0.11058677732944489	0.046661026775836945	-0.027425143867731094	0.11246918141841888	0.015624192543327808	-0.11662670224905014	-0.13227479159832	-0.0493665412068367	0.034583598375320435	-0.026462724432349205	0.16808974742889404	0.0810566172003746	0.06026232987642288	-0.1433531939983368	0.1520475596189499	-0.1185082420706749	-0.040936052799224854	0.033748771995306015	-0.011634291149675846	0.062158625572919846	0.06226377189159393	-0.12557612359523773	0.19473063945770264	0.0008250746177509427	0.19608184695243835	-0.0762554481625557	-0.02673417143523693	-0.09060836583375931	0.11040998250246048	0.022644421085715294	-0.23744945228099823	0.09313970059156418	0.037259846925735474	-0.232137069106102	0.16234388947486877	0.04303058236837387	-0.16229328513145447	0.061722446233034134	-0.015516344457864761	0.09217172861099243	-0.05250890552997589	-0.08804338425397873	-0.07214925438165665	-0.18324881792068481	-0.11659178137779236	-0.040912505239248276	-0.11245826631784439	0.057127807289361954	0.05939287319779396	0.0755005031824112	0.11613406240940094	-0.06308256834745407	0.05553589016199112	-0.03365244343876839	0.14451433718204498	0.06819821894168854	-0.17752128839492798	-0.08734464645385742	0.07843329757452011	-0.20700477063655853	-0.12027224153280258	0.05091068521142006	0.05686445161700249	-0.07662283629179001	-0.12458281964063644	0.044757626950740814	0.06692393869161606	0.0484507717192173	0.09820663183927536
http://www.w3.org/2002/07/owl#disjointWith	0.044587183743715286	-0.034218329936265945	-0.10596027970314026	0.029319601133465767	0.1385665386915207	-0.005726132076233625	-0.05675417184829712	0.006632954813539982	0.05786817893385887	-0.11227997392416	0.02888827957212925	-0.09130384773015976	0.13129636645317078	-0.18141324818134308	0.04599451646208763	-0.012906283140182495	0.2636137008666992	-0.018423624336719513	0.03872634470462799	0.06555329263210297	0.02024071291089058	-0.23905982077121735	0.065532386302948	0.0465051643550396	-0.18597902357578278	-0.249981090426445	-0.06772692501544952	0.20358993113040924	-0.012424825690686703	-0.027939502149820328	-0.15387161076068878	0.1534455120563507	0.2600511908531189	0.05113596096634865	-0.07629789412021637	0.06824042648077011	0.21123719215393066	0.06760759651660919	0.028320206329226494	-0.053181543946266174	0.213444784283638	0.001494811032898724	0.015115703456103802	0.10047569125890732	-0.16697607934474945	0.025466183200478554	-0.009767984040081501	-0.0091396514326334	-0.1755797266960144	-0.22898738086223602	-0.00564016355201602	-0.020686527714133263	-0.2221194952726364	0.27984219789505005	0.1267005205154419	0.03148909658193588	-0.009294955991208553	-0.020245669409632683	-0.07485372573137283	-0.024681957438588142	0.0005043572746217251	-0.07921109348535538	0.17573434114456177	0.055237460881471634	-0.033957771956920624	-0.015340291894972324	0.14280036091804504	0.11455592513084412	-0.2222437560558319	0.04477657750248909	0.026096895337104797	0.0621713325381279	0.1543276160955429	0.1161293238401413	-0.01518374215811491	0.1810666173696518	-0.046873029321432114	-0.08475478738546371	0.1324806809425354	0.1297701597213745	-0.021962566301226616	0.04177277907729149	-0.08392319828271866	-0.031392864882946014	0.05726754292845726	0.05608978122472763	0.051451440900564194	0.008384703658521175	0.07488521933555603	0.03275057300925255	0.1199360191822052	0.05529478192329407	-0.005012151785194874	-0.01940234750509262	-0.16398516297340393	0.0377170704305172	-0.03528439998626709	0.11038830131292343	0.06096798926591873	0.0033426512964069843
http://www.w3.org/2002/07/owl#equivalentClass	0.015002061612904072	-0.16740477085113525	0.018223395571112633	0.15488620102405548	-0.03216193988919258	0.03188231214880943	0.03136160224676132	0.07027474045753479	0.13940711319446564	-0.1031518429517746	0.15725122392177582	-0.05540555343031883	0.13186393678188324	-0.09489989280700684	-0.13348530232906342	0.06310795992612839	-0.15351459383964539	0.018125923350453377	-0.10948232561349869	-0.04610886797308922	-0.03246646001935005	0.055909689515829086	-0.0396806038916111	0.009645877406001091	-0.15325848758220673	-0.05212388560175896	0.17825938761234283	0.04144642874598503	0.03625078871846199	-0.06282787770032883	0.13447928428649902	0.01979275420308113	-0.06021670252084732	-0.11639075726270676	-0.06561502069234848	0.11684922128915787	-0.03074367716908455	0.04254386946558952	0.1273343861103058	-0.0772215723991394	0.13288633525371552	-0.06671169400215149	0.043900031596422195	-0.13631118834018707	-0.1628378927707672	0.1330505758523941	0.13015007972717285	0.04048075154423714	0.10908130556344986	-0.10039141029119492	-0.07639691978693008	-0.02266700007021427	-0.05884911119937897	-0.01986650377511978	0.129119411110878	-0.13530252873897552	0.15416833758354187	-0.029491886496543884	0.11473247408866882	-0.022017350420355797	-0.09093895554542542	0.09260951727628708	-0.06894076615571976	0.11723344027996063	0.04968983680009842	-0.06274852901697159	0.04607406258583069	0.09946273267269135	0.029636405408382416	0.025535346940159798	-0.07979622483253479	0.03504526615142822	-0.062048014253377914	0.11391405761241913	0.13516859710216522	-0.11478307843208313	0.07922010123729706	-0.09710173308849335	-0.17007100582122803	0.1337161660194397	-0.0067092678509652615	0.012902230955660343	0.08860325813293457	-0.08651532977819443	0.11189637333154678	0.03148851916193962	0.17326438426971436	0.08999606221914291	0.09820760041475296	0.031860850751399994	0.04351579770445824	0.10563620179891586	0.12624695897102356	-0.11151953041553497	0.12155978381633759	-0.15258687734603882	-0.010285048745572567	0.09900179505348206	0.09824039041996002	0.022000053897500038
http://www.w3.org/2002/07/owl#inverseOf	-0.02142621949315071	0.027189312502741814	-0.16456663608551025	0.013202829286456108	-0.05321922525763512	-0.037238653749227524	0.07798167318105698	0.016754422336816788	-0.012516033835709095	0.003031924832612276	0.030073827132582664	-0.18676204979419708	-0.05380237102508545	-0.003021110547706485	-0.05886758863925934	0.011841715313494205	0.10249240696430206	0.03480381891131401	-0.01566489413380623	-0.08353837579488754	-0.03634021803736687	0.046656448394060135	0.0024629239924252033	-0.11755001544952393	-0.10286426544189453	0.12633955478668213	-0.030214473605155945	-0.05284182354807854	0.04685134440660477	0.15433962643146515	0.026056179776787758	-0.02299029566347599	-0.04787181317806244	0.09584671258926392	-0.12775465846061707	-0.1320030391216278	0.0053890421986579895	0.02210870385169983	0.012296262197196484	0.118996761739254	-0.022595206275582314	0.04114840552210808	0.009808175265789032	0.05335771292448044	0.06423981487751007	0.11364264786243439	-0.031157754361629486	0.09438914805650711	-0.0857672393321991	0.09036797285079956	-0.05117498338222504	0.03558630868792534	0.020731575787067413	0.0280850138515234	-0.05414075031876564	0.030959513038396835	-0.06224667280912399	-0.022895751520991325	-0.001860341290012002	-0.019625524058938026	0.03312034159898758	-0.014161449857056141	0.04428819194436073	0.0606100857257843	-0.09463509917259216	-0.0045588454231619835	-0.002823266899213195	-0.03894808515906334	0.05726480856537819	0.058668676763772964	0.026077793911099434	-0.016119278967380524	-0.11850614100694656	0.023346107453107834	-0.020864492282271385	0.08466405421495438	0.03686971589922905	0.002837883774191141	0.018906233832240105	-0.07018383592367172	0.12310025095939636	0.07037349045276642	0.05660788714885712	-0.12435424327850342	-0.0468272790312767	0.020310161635279655	-0.00010738965647760779	0.12230487912893295	-0.1800917237997055	-0.0644276887178421	-0.03548303619027138	0.17622774839401245	-0.02143990434706211	-0.012447831220924854	-0.040308136492967606	-0.11957001686096191	0.08127912133932114	-0.03450657054781914	-0.1137562170624733	0.0713667944073677
http://www.w3.org/2002/07/owl#sameAs	0.1413954496383667	0.09101647138595581	-0.040338270366191864	0.029674097895622253	-0.16588586568832397	0.00910119991749525	-0.11851093918085098	-0.08815270662307739	-0.0014723155181854963	-0.03623610734939575	0.018547074869275093	0.09384801983833313	-0.04865818843245506	-0.17004288733005524	-0.029548149555921555	-0.13215963542461395	0.10165204852819443	0.08010448515415192	-0.0500607043504715	0.09654000401496887	-0.04177909716963768	-0.075558602809906	-0.03609245643019676	0.021444808691740036	-0.14845363795757294	0.15955029428005219	-0.005013125948607922	0.12318720668554306	0.014568972401320934	-0.014876684173941612	-0.07469040900468826	0.10550176352262497	0.09622004628181458	0.09929271787405014	0.07420918345451355	0.13843399286270142	-0.08399054408073425	0.16283850371837616	0.11621741950511932	-0.16526520252227783	-5.9633905038936064e-05	0.012570801191031933	-0.14646098017692566	-0.059083692729473114	0.1273580640554428	-0.0074359094724059105	0.15511508285999298	-0.1519012600183487	0.008685825392603874	0.12450159341096878	-0.1305934488773346	-0.123332679271698	0.1368277668952942	-0.13113652169704437	0.12972332537174225	-0.09609857201576233	0.020753629505634308	-0.1533222198486328	-0.16562630236148834	-0.04952286556363106	0.10109919309616089	0.10235466808080673	-0.059223722666502	-0.06161684915423393	-0.0643007680773735	0.02343035861849785	0.0754210576415062	-0.17027460038661957	0.0660906508564949	0.0028221970424056053	-0.02380666509270668	-0.08459703624248505	0.14547689259052277	-0.1306770294904709	0.05678579956293106	-0.0920400395989418	0.05041862279176712	0.05431639403104782	-0.11772821843624115	0.04182897135615349	-0.03539071977138519	0.05893439054489136	-0.09107113629579544	-0.14657457172870636	0.17304885387420654	0.14495687186717987	0.04911554977297783	-0.04401034489274025	0.13248001039028168	-0.04079302027821541	0.07962238788604736	-0.16845494508743286	0.10516182333230972	0.07312461733818054	0.08582033216953278	-0.014627822674810886	-0.13306991755962372	0.1549234837293625	-0.026296664029359818	0.1054154634475708
http://www.w3.org/2002/07/owl#topObjectProperty	0.010621466673910618	-0.15112866461277008	-0.104094497859478	-0.07446885854005814	0.09556645154953003	0.06278713047504425	0.1234145313501358	0.07110680639743805	0.07191943377256393	-0.012658444233238697	0.10598456859588623	-0.018459264189004898	-0.14868973195552826	-0.20453116297721863	0.022619111463427544	0.06319696456193924	0.11669765412807465	-0.13386498391628265	0.16521520912647247	-0.022766057401895523	0.09400681406259537	-0.0738324448466301	-0.13230882585048676	0.23491783440113068	-0.0626252219080925	0.05257728695869446	-0.17594841122627258	0.009540116414427757	-0.11665689945220947	0.03025982156395912	-0.0585324689745903	-0.06372644007205963	0.07512082904577255	0.062929168343544	0.05446580424904823	-0.07438261061906815	0.028006114065647125	0.03848910704255104	0.016866324469447136	-0.04424994811415672	0.0171490628272295	-0.12665167450904846	0.11574812233448029	0.19696909189224243	-0.019128654152154922	0.002046247012913227	-0.023529620841145515	-0.08486239612102509	0.23877212405204773	0.06934260576963425	0.029087914153933525	0.05506586655974388	-0.07180812209844589	-0.006928044371306896	-0.11571965366601944	-0.03579055890440941	-0.022701792418956757	0.05804331228137016	-0.0166168212890625	-0.1949816644191742	0.08236720412969589	0.18194445967674255	0.03202583268284798	-0.067511186003685	-0.047425322234630585	-0.12109366804361343	0.13661400973796844	0.01301563624292612	0.06966960430145264	-0.12489842623472214	-0.14042335748672485	-0.029473142698407173	-0.07279488444328308	-0.13923673331737518	0.10463005304336548	-0.03401409834623337	0.09197936207056046	-0.13813373446464539	-0.00046056185965426266	-0.012859734706580639	0.07375381141901016	-0.013585866428911686	0.0010751622030511498	0.01044455450028181	0.09149621427059174	0.04592996835708618	-0.0392882414162159	0.008443284779787064	-0.023521339520812035	-0.009947740472853184	-0.040773697197437286	-0.12083801627159119	-0.17245517671108246	0.038764677941799164	-0.15820005536079407	-0.027209704741835594	-0.19183117151260376	-0.006914560217410326	-0.053617969155311584	0.02099734917283058
